# ASAP VERSION 3.0
# MT2024
#
# ASAP GUI 15 AUG 2012
#
# Number of Years
36
# First Year
1989
# Number of Ages
8
# Number of Fleets
2
# Number of Sensitivity Blocks
4
# Number of Available Survey Indices
15
# Natural Mortality
0.4000     0.4000     0.4000     0.4000     0.4000     0.4000     0.4000     0.4000     
0.4000     0.4000     0.4000     0.4000     0.4000     0.4000     0.4000     0.4000     
0.4000     0.4000     0.4000     0.4000     0.4000     0.4000     0.4000     0.4000     
0.4000     0.4000     0.4000     0.4000     0.4000     0.4000     0.4000     0.4000     
0.4000     0.4000     0.4000     0.4000     0.4000     0.4000     0.4000     0.4000     
0.4000     0.4000     0.4000     0.4000     0.4000     0.4000     0.4000     0.4000     
0.4000     0.4000     0.4000     0.4000     0.4000     0.4000     0.4000     0.4000     
0.4000     0.4000     0.4000     0.4000     0.4000     0.4000     0.4000     0.4000     
0.4000     0.4000     0.4000     0.4000     0.4000     0.4000     0.4000     0.4000     
0.4000     0.4000     0.4000     0.4000     0.4000     0.4000     0.4000     0.4000     
0.4000     0.4000     0.4000     0.4000     0.4000     0.4000     0.4000     0.4000     
0.4000     0.4000     0.4000     0.4000     0.4000     0.4000     0.4000     0.4000     
0.4000     0.4000     0.4000     0.4000     0.4000     0.4000     0.4000     0.4000     
0.4000     0.4000     0.4000     0.4000     0.4000     0.4000     0.4000     0.4000     
0.4000     0.4000     0.4000     0.4000     0.4000     0.4000     0.4000     0.4000     
0.4000     0.4000     0.4000     0.4000     0.4000     0.4000     0.4000     0.4000     
0.4000     0.4000     0.4000     0.4000     0.4000     0.4000     0.4000     0.4000     
0.4000     0.4000     0.4000     0.4000     0.4000     0.4000     0.4000     0.4000     
0.4000     0.4000     0.4000     0.4000     0.4000     0.4000     0.4000     0.4000     
0.4000     0.4000     0.4000     0.4000     0.4000     0.4000     0.4000     0.4000     
0.4000     0.4000     0.4000     0.4000     0.4000     0.4000     0.4000     0.4000     
0.4000     0.4000     0.4000     0.4000     0.4000     0.4000     0.4000     0.4000     
0.4000     0.4000     0.4000     0.4000     0.4000     0.4000     0.4000     0.4000     
0.4000     0.4000     0.4000     0.4000     0.4000     0.4000     0.4000     0.4000     
0.4000     0.4000     0.4000     0.4000     0.4000     0.4000     0.4000     0.4000     
0.4000     0.4000     0.4000     0.4000     0.4000     0.4000     0.4000     0.4000     
0.4000     0.4000     0.4000     0.4000     0.4000     0.4000     0.4000     0.4000     
0.4000     0.4000     0.4000     0.4000     0.4000     0.4000     0.4000     0.4000     
0.4000     0.4000     0.4000     0.4000     0.4000     0.4000     0.4000     0.4000     
0.4000     0.4000     0.4000     0.4000     0.4000     0.4000     0.4000     0.4000     
0.4000     0.4000     0.4000     0.4000     0.4000     0.4000     0.4000     0.4000     
0.4000     0.4000     0.4000     0.4000     0.4000     0.4000     0.4000     0.4000     
0.4000     0.4000     0.4000     0.4000     0.4000     0.4000     0.4000     0.4000     
0.4000     0.4000     0.4000     0.4000     0.4000     0.4000     0.4000     0.4000     
0.4000     0.4000     0.4000     0.4000     0.4000     0.4000     0.4000     0.4000     
0.4000     0.4000     0.4000     0.4000     0.4000     0.4000     0.4000     0.4000     
# Fecundity Option
0
# Fraction of year that elapses prior to SSB calculation (0=Jan-1)
0.5000
# Maturity
0          0.675      0.9411765  1          1          1          1          1          
0          0.675      0.9411765  1          1          1          1          1          
0          0.675      0.9411765  1          1          1          1          1          
0          0.675      0.9411765  1          1          1          1          1          
0          0.675      0.9411765  1          1          1          1          1          
0          0.675      0.9411765  1          1          1          1          1          
0          0.675      0.9411765  1          1          1          1          1          
0          0.675      0.9411765  1          1          1          1          1          
0          0.675      0.9411765  1          1          1          1          1          
0          0.675      0.9411765  1          1          1          1          1          
0          0.675      0.9411765  1          1          1          1          1          
0          0.5217391  0.9111111  0.972973   1          1          1          1          
0          0.5217391  0.9111111  0.972973   1          1          1          1          
0          0.5217391  0.9111111  0.972973   1          1          1          1          
0          0.5217391  0.9111111  0.972973   1          1          1          1          
0          0.5217391  0.9111111  0.972973   1          1          1          1          
0          0.5217391  0.9111111  0.972973   1          1          1          1          
0          0.5217391  0.9111111  0.972973   1          1          1          1          
0          0.5217391  0.9111111  0.972973   1          1          1          1          
0          0.5217391  0.9111111  0.972973   1          1          1          1          
0          0.5217391  0.9111111  0.972973   1          1          1          1          
0          0.5217391  0.9111111  0.972973   1          1          1          1          
0          0.415178571 0.978922717 1          1          1          1          1          
0          0.415178571 0.978922717 1          1          1          1          1          
0          0.415178571 0.978922717 1          1          1          1          1          
0          0.415178571 0.978922717 1          1          1          1          1          
0          0.415178571 0.978922717 1          1          1          1          1          
0          0.415178571 0.978922717 1          1          1          1          1          
0          0.415178571 0.978922717 1          1          1          1          1          
0          0.415178571 0.978922717 1          1          1          1          1          
0          0.415178571 0.978922717 1          1          1          1          1          
0          0.415178571 0.978922717 1          1          1          1          1          
0          0.415178571 0.978922717 1          1          1          1          1          
0          0.415178571 0.978922717 1          1          1          1          1          
0          0.415178571 0.978922717 1          1          1          1          1          
0          0.415178571 0.978922717 1          1          1          1          1          
# Number of Weights at Age Matrices
4
# Weight Matrix - 1
0.057           0.13            0.373           0.769           1.105           1.242           1.779           1.959           
0.075           0.182           0.383           0.526           1.04            1.576           1.991           2.074           
0.07            0.183           0.378           0.683           0.459           1.825           2.083           2.091           
0.062           0.18            0.263           0.663           1.142           1.171           1.866           1.689           
0.083           0.219           0.342           0.701           0.959           1.616           1.612           2.111           
0.092           0.164           0.261           0.413           0.861           1.373           1.382           2.393           
0.146           0.256           0.401           0.639           0.884           1.157           1.289           1.191           
0.168           0.268           0.386           0.505           0.672           0.954           0.802           1.637           
0.088           0.231           0.561           1.274           0.719           1.025           1.181           1.349           
0.163           0.196           0.449           0.625           0.623           1.178           1.28            1.853           
0.162           0.31            0.525           0.666           0.94            1.23            1.396           1.684           
0.167           0.357           0.565           0.976           1.306           1.535           1.552           1.737           
0.032           0.259           0.535           0.801           1.375           1.369           1.696           2.116           
0.084           0.269           0.463           0.8             1.076           1.549           1.67            1.316           
0.023           0.143           0.421           0.762           1.132           1.25            1.396           1.527           
0.113           0.324           0.444           0.688           0.787           1.51            1.11            1.094           
0.037           0.37            0.513           0.689           0.899           1.268           1.73            1.745           
0.122           0.323           0.445           0.662           0.9             1.102           1.894           2.824           
0.205           0.238           0.491           0.621           1.013           1.232           1.343           2.174           
0.146           0.298           0.481           0.729           0.83            1.088           1.722           2.308           
0.099           0.235           0.5             0.827           1.072           1.278           1.604           2.218           
0.13            0.358           0.489           0.755           1.142           1.361           1.633           2.366           
0.105           0.279           0.449           0.693           1.053           1.515           1.647           2.577           
0.106           0.245           0.479           0.691           0.994           1.317           1.694           1.992           
0.107           0.231           0.47            0.657           0.96            1.232           1.622           1.781           
0.1             0.219           0.396           0.725           0.984           1.332           1.559           1.932           
0.12            0.223           0.413           0.668           1.044           1.296           1.616           1.951           
0.099           0.284           0.457           0.654           0.904           1.222           1.377           1.868           
0.089           0.175           0.453           0.633           0.842           1.064           1.3             1.847           
0.092           0.173           0.349           0.576           0.775           0.993           1.177           1.515           
0.08            0.189           0.311           0.475           0.679           0.907           1.11            1.317           
0.045           0.151           0.403           0.495           0.645           0.851           1.005           1.352           
0.067           0.174           0.337           0.466           0.608           0.783           1.033           1.33            
0.082           0.165           0.28            0.4             0.505           0.677           0.813           1.061           
0.078           0.147           0.267           0.389           0.521           0.673           0.796           0.987           
0.073           0.128           0.24            0.36            0.486           0.597           0.652           1.001           
# Weight Matrix - 2
0.053           0.25            0.404           0.999           1.064           1.236           1.815           1.768           
0.097           0.191           0.455           0.72            0.934           1.568           2.021           1.92            
0.076           0.169           0.433           0.827           0.596           1.818           2.342           2.048           
0.076           0.231           0.443           0.922           1.436           1.224           1.8             2.065           
0.092           0.22            0.46            0.985           1.161           1.501           1.398           1.742           
0.108           0.221           0.254           0.554           1.079           1.357           1.342           1.273           
0.114           0.24            0.509           1.004           1.042           1.322           1.328           1.104           
0.143           0.263           0.593           0.79            0.978           1.046           0.923           1.629           
0.07            0.183           0.584           0.977           0.877           1.178           1.257           1.386           
0.136           0.178           0.452           0.615           0.6             1.208           1.382           1.677           
0.129           0.292           0.519           0.858           1.035           1.295           1.461           1.582           
0.119           0.381           0.626           0.819           1.16            1.64            1.698           1.56            
0.135           0.321           0.642           1.187           1.586           1.508           1.888           2.254           
0.127           0.292           0.448           0.922           1.304           1.605           1.721           1.278           
0.127           0.193           0.446           0.709           0.826           1.075           1.013           1.424           
0.12            0.303           0.444           0.753           0.784           1.434           1.12            1.09            
0.091           0.236           0.517           0.816           1.01            1.28            2               1.841           
0.108           0.297           0.406           0.651           0.853           0.805           3.263           2.559           
0.15            0.28            0.516           0.671           1.25            1.268           1.106           1.27            
0.127           0.26            0.503           0.889           0.981           1.238           1.54            1.618           
0.155           0.283           0.528           0.841           0.991           1.057           1.24            1.763           
0.118           0.363           0.553           0.84            1.189           1.32            1.604           1.891           
0.143           0.289           0.506           0.773           1.159           1.553           1.533           1.717           
0.118           0.255           0.458           0.767           1.114           1.344           1.581           1.632           
0.108           0.228           0.495           0.728           1.027           1.303           1.646           1.804           
0.099           0.248           0.453           0.757           1.007           1.46            1.73            2.117           
0.133           0.244           0.45            0.72            1.071           1.286           1.534           1.795           
0.104           0.279           0.475           0.724           0.991           1.355           1.491           1.829           
0.109           0.225           0.467           0.66            0.885           1.136           1.401           1.956           
0.118           0.212           0.379           0.626           0.824           1.047           1.239           1.576           
0.088           0.206           0.329           0.508           0.726           0.936           1.107           1.305           
0.159           0.2             0.353           0.458           0.689           0.968           1.126           1.468           
0.085           0.177           0.329           0.495           0.685           0.904           1.162           1.406           
0.092           0.208           0.318           0.485           0.643           0.858           1.009           1.348           
0.076           0.183           0.321           0.49            0.723           0.879           1.014           1.174           
0.082           0.162           0.303           0.444           0.686           0.891           1.03            1.224           
# Weight Matrix - 3
0.053           0.25            0.404           0.999           1.064           1.236           1.815           1.768           
0.097           0.191           0.455           0.72            0.934           1.568           2.021           1.92            
0.076           0.169           0.433           0.827           0.596           1.818           2.342           2.048           
0.076           0.231           0.443           0.922           1.436           1.224           1.8             2.065           
0.092           0.22            0.46            0.985           1.161           1.501           1.398           1.742           
0.108           0.221           0.254           0.554           1.079           1.357           1.342           1.273           
0.114           0.24            0.509           1.004           1.042           1.322           1.328           1.104           
0.143           0.263           0.593           0.79            0.978           1.046           0.923           1.629           
0.07            0.183           0.584           0.977           0.877           1.178           1.257           1.386           
0.136           0.178           0.452           0.615           0.6             1.208           1.382           1.677           
0.129           0.292           0.519           0.858           1.035           1.295           1.461           1.582           
0.119           0.381           0.626           0.819           1.16            1.64            1.698           1.56            
0.135           0.321           0.642           1.187           1.586           1.508           1.888           2.254           
0.127           0.292           0.448           0.922           1.304           1.605           1.721           1.278           
0.127           0.193           0.446           0.709           0.826           1.075           1.013           1.424           
0.12            0.303           0.444           0.753           0.784           1.434           1.12            1.09            
0.091           0.236           0.517           0.816           1.01            1.28            2               1.841           
0.108           0.297           0.406           0.651           0.853           0.805           3.263           2.559           
0.15            0.28            0.516           0.671           1.25            1.268           1.106           1.27            
0.127           0.26            0.503           0.889           0.981           1.238           1.54            1.618           
0.155           0.283           0.528           0.841           0.991           1.057           1.24            1.763           
0.118           0.363           0.553           0.84            1.189           1.32            1.604           1.891           
0.143           0.289           0.506           0.773           1.159           1.553           1.533           1.717           
0.118           0.255           0.458           0.767           1.114           1.344           1.581           1.632           
0.108           0.228           0.495           0.728           1.027           1.303           1.646           1.804           
0.099           0.248           0.453           0.757           1.007           1.46            1.73            2.117           
0.133           0.244           0.45            0.72            1.071           1.286           1.534           1.795           
0.104           0.279           0.475           0.724           0.991           1.355           1.491           1.829           
0.109           0.225           0.467           0.66            0.885           1.136           1.401           1.956           
0.118           0.212           0.379           0.626           0.824           1.047           1.239           1.576           
0.088           0.206           0.329           0.508           0.726           0.936           1.107           1.305           
0.159           0.2             0.353           0.458           0.689           0.968           1.126           1.468           
0.085           0.177           0.329           0.495           0.685           0.904           1.162           1.406           
0.092           0.208           0.318           0.485           0.643           0.858           1.009           1.348           
0.076           0.183           0.321           0.49            0.723           0.879           1.014           1.174           
0.082           0.162           0.303           0.444           0.686           0.891           1.03            1.224           
# Weight Matrix - 4
0.06            0.12            0.35            0.69            0.89            1.01            1.28            1.71            
0.12            0.14            0.25            0.48            0.79            1.14            1.36            1.95            
0.11            0.17            0.29            0.49            0.7             1               1.37            1.94            
0.13            0.15            0.23            0.49            0.83            1.09            1.37            1.95            
0.17            0.17            0.24            0.43            0.84            1.22            1.47            1.89            
0.09            0.17            0.25            0.47            0.8             1.12            1.39            1.93            
0.08            0.15            0.25            0.44            0.73            0.98            1.17            1.49            
0.12            0.16            0.27            0.45            0.74            1.01            1.21            1.84            
0.11            0.16            0.28            0.46            0.7             1.01            1.3             1.99            
0.14            0.18            0.27            0.48            0.75            1.04            1.35            2.23            
0.08            0.2             0.31            0.5             0.76            1.11            1.4             1.97            
0.1             0.19            0.34            0.57            0.79            1.1             1.41            1.95            
0.04            0.18            0.38            0.6             0.85            1.18            1.56            2.44            
0.09            0.16            0.34            0.61            0.91            1.15            1.46            1.94            
0.07            0.19            0.4             0.63            0.94            1.24            1.62            1.95            
0.11            0.2             0.36            0.61            0.93            1.25            1.53            2               
0.07            0.22            0.4             0.61            0.92            1.26            1.6             2.21            
0.09            0.18            0.38            0.57            0.87            1.28            1.71            3               
0.08            0.19            0.37            0.57            0.83            1.12            1.61            2.11            
0.1             0.18            0.38            0.65            0.89            1.23            1.4             2.11            
0.08            0.19            0.35            0.64            1.05            1.16            1.36            1.99            
0.06            0.22            0.4             0.62            0.92            1.24            1.26            1.57            
0.08            0.17            0.42            0.69            1               1.2             1.45            1.76            
0.08            0.19            0.37            0.63            1.03            1.29            1.52            2.21            
0.07            0.16            0.41            0.58            0.92            1.35            1.44            2.12            
0.09            0.17            0.33            0.69            0.88            1.29            1.56            2.34            
0.07            0.16            0.35            0.57            0.93            1.19            1.62            1.83            
0.07            0.18            0.32            0.59            0.84            1.15            1.48            1.94            
0.08            0.15            0.37            0.57            0.84            1.09            1.37            2.01            
0.08            0.15            0.3             0.56            0.78            1.01            1.23            1.75            
0.14            0.14            0.26            0.45            0.67            0.92            1.13            1.34            
0.14            0.14            0.26            0.45            0.67            0.92            1.13            1.34            
0.14            0.14            0.26            0.45            0.67            0.92            1.13            1.34            
0.14            0.14            0.26            0.45            0.67            0.92            1.13            1.34            
0.14            0.14            0.26            0.45            0.67            0.92            1.13            1.34            
0.14            0.14            0.26            0.45            0.67            0.92            1.13            1.34            
# Weights at Age Pointers
1
1
3
3
3
3
3
4
# Selectivity Block Assignment
# Fleet 1 Selectivity Block Assignment
1
1
1
1
1
1
1
1
1
2
2
2
2
2
2
2
2
2
2
2
2
2
2
2
2
2
2
2
2
2
2
2
2
2
2
2
# Fleet 2 Selectivity Block Assignment
3
3
3
3
3
3
3
3
3
3
3
3
3
3
3
3
3
3
3
3
4
4
4
4
4
4
4
4
4
4
4
4
4
4
4
4
# Selectivity Options for each block 1=by age, 2=logisitic, 3=double logistic
2  2  2  2  
# Selectivity Block #1 Data 
0.05            3               0               0.5             
0.5             3               0               0.5             
0.75            3               0               0.5             
1               -3              0               0.5             
1               -3              0               0.5             
1               -3              0               0.5             
1               -3              0               0.5             
1               -3              0               0.5             
3               1               0               0               
0.5             1               0               0               
0               0               0               0               
0               0               0               0               
0               0               0               0               
0               0               0               0               
# Selectivity Block #2 Data 
0.05            3               0               0.5             
0.5             3               0               0.5             
0.75            3               0               0.5             
1               3               0               0.5             
1               -3              0               0.5             
1               -3              0               0.5             
1               -3              0               0.5             
1               -3              0               0.5             
4               1               0               0               
0.5             1               0               0               
0               0               0               0               
0               0               0               0               
0               0               0               0               
0               0               0               0               
# Selectivity Block #3 Data 
0.05            3               0               0.5             
0.5             3               0               0.5             
0.75            3               0               0.5             
1               3               0               0.5             
1               -3              0               0.5             
1               -3              0               0.5             
1               -3              0               0.5             
1               -3              0               0.5             
4               1               0               0               
0.5             1               0               0               
0               0               0               0               
0               0               0               0               
0               0               0               0               
0               0               0               0               
# Selectivity Block #4 Data 
0.05            3               0               0.5             
0.5             3               0               0.5             
0.75            3               0               0.5             
1               3               0               0.5             
1               3               0               0.5             
1               -3              0               0.5             
1               -3              0               0.5             
1               -3              0               0.5             
4               1               0               0               
0.5             1               0               0               
0               0               0               0               
0               0               0               0               
0               0               0               0               
0               0               0               0               
# Fleet Start Age
1  1  
# Fleet End Age
8  8  
# Age Range for Average F
6  7
# Average F report option (1=unweighted, 2=Nweighted, 3=Bweighted)
1
# Use Likelihood constants? (1=yes)
0
# Release Mortality by Fleet
0.0000  0.0000  
# Catch Data
# Fleet-1 Catch Data
81047           839712          224985          163301          0               20129           0               7997            364.1           
30178           230251          505671          105301          48172           0               7982            0               359.5           
13535           294082          166103          148878          42397           3462            108             0               245.4           
13466           513062          368702          38619           22370           0               0               1306            243.7           
62283           336258          238693          51409           0               7836            0               0               209.1           
93928           124218          307074          63295           26841           3579            0               467             164.6           
135500          283506          185292          48727           6323            1174            0               244             205.7           
111973          318031          323417          90082           26393           16477           2856            3324            315.7           
1693            537543          299346          30747           0               0               0               0               331.3           
9473            245000          271399          141675          23196           18929           0               12884           320.6           
21835           210861          401880          205652          54848           21727           0               0               495.9           
38872           451102          149508          141804          31901           12710           0               4642            459.4           
69759           591786          769248          126378          45157           24372           11868           3822            792             
62054           323354          715617          392626          32444           10923           8654            1521            806.1           
6334            323240          175369          260367          182949          18052           12541           0               564.2           
13332           112519          425029          213902          295241          71867           1822            12250           730.2           
191             51000           108669          335358          114913          85959           12856           3917            547             
4994            112101          145384          216812          282258          43295           36999           777             619.1           
24997           339610          270957          140229          92778           84649           57207           30316           647             
12234           143830          413405          142054          29240           13972           15849           10821           438.5           
69134           178077          213283          172000          42367           6450            3430            7041            373.3           
3465            112872          305715          183387          94270           16255           2732            6191            477.6           
26478           134513          234177          272666          83903           41285           9707            2391            507.4           
82170           142035          246837          198346          128917          57378           24564           7111            558.3           
43177           344840          260792          281726          155164          87364           25732           14311           718.2           
18984           189253          1105710         230337          151061          79784           47097           16345           1008            
6426            120465          281411          736041          159278          71508           45252           42153           1048.2          
51357           179056          159130          300522          910691          90300           49915           33066           1388            
39684           818069          411247          300340          458438          1155769         81878           54959           2346            
22526           437260          1058240         307062          163873          237400          682980          74514           1903.5          
96887           153279          524228          1160322         251880          148335          162697          569815          1984.6          
289624          210556          124294          430050          924483          223185          137485          358774          1713            
69195           330323          598958          215180          440538          832452          127152          277750          1779.3          
340107          340277          856976          954794          337761          400010          866920          299151          2440            
341548          711665          457780          979624          799827          168286          209995          468816          2064.9          
400711          1919071         2152684         687816          1058049         714669          194655          356948          2882.1          
# Fleet-2 Catch Data
36929           538300          420735          210501          0               27767           0               14244           683.4           
51023           257630          221159          43343           25262           0               547             0               225.7           
27020           236954          59749           75883           12587           2901            224             0               162.8           
12498           143416          11601           4640            15494           0               0               5803            85.4            
14741           153312          49222           44365           0               38759           0               0               190.8           
306746          59585           183665          21855           29571           2801            0               0               151.1           
172736          79003           32321           6770            6104            392             0               1868            80.5            
154763          114011          29864           8646            2070            3950            420             627             97.7            
23239           464700          63049           15753           0               0               0               0               159.3           
8155            73912           49176           34537           5744            8066            0               2940            82.1            
469099          179187          69875           41011           16332           8755            0               0               236.4           
477433          518359          94123           103921          22145           26444           0               4645            507.9           
124825          258538          337093          117091          72237           25351           38341           1084            771.4           
297632          517014          498100          388256          46792           15519           17826           6715            897.3           
0               242267          291374          390032          192351          20268           8027            0               654.8           
22467           108999          323984          82271           145873          39515           371             2813            409.3           
78578           195170          116744          225943          114457          98167           25168           7890            629.1           
217505          282275          129728          190456          260235          39281           54507           338             714.1           
214834          447431          394874          133241          96957           105204          46366           6758            795.4           
246480          491108          408739          240000          68982           58156           38668           25746           853.5           
273279          672350          792573          756740          203883          14394           5960            33818           1667.2          
109049          560052          1164971         984048          660311          94061           4742            5687            2722.3          
159217          284153          384890          466126          224913          154847          20544           3265            1220.2          
851225          988089          794549          652721          642793          284435          139889          25238           2770.7          
303655          1251447         446725          628862          466964          335264          118370          71178           2272.2          
111849          516577          2285637         744098          528729          343166          219908          117449          3331.3          
155282          749901          891089          2894085         716279          336016          179869          174776          4341            
745290          1304340         447535          815087          3622596         468773          311089          205190          5963            
259886          2507401         603964          413002          776781          2450344         206258          170595          5062            
51014           565017          1055599         382503          265685          450362          1494911         173082          3374.6          
240414          389817          738288          1701329         539152          362310          437456          1489908         4146.9          
271162          932278          374873          739505          1408627         460580          333779          1238859         4068.2          
226838          914740          963154          269318          676257          1904042         401021          1033869         4520.2          
653816          445487          872381          701041          330935          473324          1308223         586235          3309.7          
466460          834614          392096          743958          733065          248925          350853          864732          2665.5          
167827          798619          1052131         378121          646397          670355          260660          619461          2607            
# Discards
# Fleet-1 Discards Data
0               0               0               0               0               0               0               0               0               
0               0               0               0               0               0               0               0               0               
0               0               0               0               0               0               0               0               0               
0               0               0               0               0               0               0               0               0               
0               0               0               0               0               0               0               0               0               
0               0               0               0               0               0               0               0               0               
0               0               0               0               0               0               0               0               0               
0               0               0               0               0               0               0               0               0               
0               0               0               0               0               0               0               0               0               
0               0               0               0               0               0               0               0               0               
0               0               0               0               0               0               0               0               0               
0               0               0               0               0               0               0               0               0               
0               0               0               0               0               0               0               0               0               
0               0               0               0               0               0               0               0               0               
0               0               0               0               0               0               0               0               0               
0               0               0               0               0               0               0               0               0               
0               0               0               0               0               0               0               0               0               
0               0               0               0               0               0               0               0               0               
0               0               0               0               0               0               0               0               0               
0               0               0               0               0               0               0               0               0               
0               0               0               0               0               0               0               0               0               
0               0               0               0               0               0               0               0               0               
0               0               0               0               0               0               0               0               0               
0               0               0               0               0               0               0               0               0               
0               0               0               0               0               0               0               0               0               
0               0               0               0               0               0               0               0               0               
0               0               0               0               0               0               0               0               0               
0               0               0               0               0               0               0               0               0               
0               0               0               0               0               0               0               0               0               
0               0               0               0               0               0               0               0               0               
0               0               0               0               0               0               0               0               0               
0               0               0               0               0               0               0               0               0               
0               0               0               0               0               0               0               0               0               
0               0               0               0               0               0               0               0               0               
0               0               0               0               0               0               0               0               0               
0               0               0               0               0               0               0               0               0               
# Fleet-2 Discards Data
0               0               0               0               0               0               0               0               0               
0               0               0               0               0               0               0               0               0               
0               0               0               0               0               0               0               0               0               
0               0               0               0               0               0               0               0               0               
0               0               0               0               0               0               0               0               0               
0               0               0               0               0               0               0               0               0               
0               0               0               0               0               0               0               0               0               
0               0               0               0               0               0               0               0               0               
0               0               0               0               0               0               0               0               0               
0               0               0               0               0               0               0               0               0               
0               0               0               0               0               0               0               0               0               
0               0               0               0               0               0               0               0               0               
0               0               0               0               0               0               0               0               0               
0               0               0               0               0               0               0               0               0               
0               0               0               0               0               0               0               0               0               
0               0               0               0               0               0               0               0               0               
0               0               0               0               0               0               0               0               0               
0               0               0               0               0               0               0               0               0               
0               0               0               0               0               0               0               0               0               
0               0               0               0               0               0               0               0               0               
0               0               0               0               0               0               0               0               0               
0               0               0               0               0               0               0               0               0               
0               0               0               0               0               0               0               0               0               
0               0               0               0               0               0               0               0               0               
0               0               0               0               0               0               0               0               0               
0               0               0               0               0               0               0               0               0               
0               0               0               0               0               0               0               0               0               
0               0               0               0               0               0               0               0               0               
0               0               0               0               0               0               0               0               0               
0               0               0               0               0               0               0               0               0               
0               0               0               0               0               0               0               0               0               
0               0               0               0               0               0               0               0               0               
0               0               0               0               0               0               0               0               0               
0               0               0               0               0               0               0               0               0               
0               0               0               0               0               0               0               0               0               
0               0               0               0               0               0               0               0               0               
# Release Proportion
# Fleet-1 Release Data
0               0               0               0               0               0               0               0               
0               0               0               0               0               0               0               0               
0               0               0               0               0               0               0               0               
0               0               0               0               0               0               0               0               
0               0               0               0               0               0               0               0               
0               0               0               0               0               0               0               0               
0               0               0               0               0               0               0               0               
0               0               0               0               0               0               0               0               
0               0               0               0               0               0               0               0               
0               0               0               0               0               0               0               0               
0               0               0               0               0               0               0               0               
0               0               0               0               0               0               0               0               
0               0               0               0               0               0               0               0               
0               0               0               0               0               0               0               0               
0               0               0               0               0               0               0               0               
0               0               0               0               0               0               0               0               
0               0               0               0               0               0               0               0               
0               0               0               0               0               0               0               0               
0               0               0               0               0               0               0               0               
0               0               0               0               0               0               0               0               
0               0               0               0               0               0               0               0               
0               0               0               0               0               0               0               0               
0               0               0               0               0               0               0               0               
0               0               0               0               0               0               0               0               
0               0               0               0               0               0               0               0               
0               0               0               0               0               0               0               0               
0               0               0               0               0               0               0               0               
0               0               0               0               0               0               0               0               
0               0               0               0               0               0               0               0               
0               0               0               0               0               0               0               0               
0               0               0               0               0               0               0               0               
0               0               0               0               0               0               0               0               
0               0               0               0               0               0               0               0               
0               0               0               0               0               0               0               0               
0               0               0               0               0               0               0               0               
0               0               0               0               0               0               0               0               
# Fleet-2 Release Data
0               0               0               0               0               0               0               0               
0               0               0               0               0               0               0               0               
0               0               0               0               0               0               0               0               
0               0               0               0               0               0               0               0               
0               0               0               0               0               0               0               0               
0               0               0               0               0               0               0               0               
0               0               0               0               0               0               0               0               
0               0               0               0               0               0               0               0               
0               0               0               0               0               0               0               0               
0               0               0               0               0               0               0               0               
0               0               0               0               0               0               0               0               
0               0               0               0               0               0               0               0               
0               0               0               0               0               0               0               0               
0               0               0               0               0               0               0               0               
0               0               0               0               0               0               0               0               
0               0               0               0               0               0               0               0               
0               0               0               0               0               0               0               0               
0               0               0               0               0               0               0               0               
0               0               0               0               0               0               0               0               
0               0               0               0               0               0               0               0               
0               0               0               0               0               0               0               0               
0               0               0               0               0               0               0               0               
0               0               0               0               0               0               0               0               
0               0               0               0               0               0               0               0               
0               0               0               0               0               0               0               0               
0               0               0               0               0               0               0               0               
0               0               0               0               0               0               0               0               
0               0               0               0               0               0               0               0               
0               0               0               0               0               0               0               0               
0               0               0               0               0               0               0               0               
0               0               0               0               0               0               0               0               
0               0               0               0               0               0               0               0               
0               0               0               0               0               0               0               0               
0               0               0               0               0               0               0               0               
0               0               0               0               0               0               0               0               
0               0               0               0               0               0               0               0               
# Survey Index Data
# Aggregate Index Units
2  2  2  2  2  2  2  2  2  2  2  2  2  2  2  
# Age Proportion Index Units
2  2  2  2  2  2  2  2  2  2  2  2  2  2  2  
# Weight at Age Matrix
3  3  3  3  3  3  3  3  3  3  3  3  3  3  3  
# Index Month
4  4  5  5  5  5  2  7  4  4  10  10  10  10  10  
# Index Selectivity Link to Fleet
-1  -1  -1  -1  -1  -1  -1  -1  -1  -1  -1  -1  -1  -1  -1  
# Index Selectivity Options 1=by age, 2=logisitic, 3=double logistic
1  1  1  1  1  1  1  1  1  1  1  1  1  1  1  
# Index Start Age
1  1  1  1  1  1  1  1  1  1  1  1  1  1  1  
# Index End Age
8  8  8  8  8  1  8  8  8  8  8  8  8  8  8  
# Estimate Proportion (Yes=1)
0  0  0  0  0  0  0  1  0  1  0  0  0  0  0  
# Use Index (Yes=1)
0  0  0  0  0  0  0  1  0  1  0  0  0  0  0  
# Index-1 Selectivity Data 
0.05            3               0               0.2             
0.5             3               0               0.2             
1               3               0               0.2             
1               -3              0               0.2             
1               -3              0               0.2             
1               -3              0               0.2             
1               -3              0               0.2             
1               -3              0               0.2             
2               -1              0               1               
2               -3              0               1               
0               0               0               0               
0               0               0               0               
0               0               0               0               
0               0               0               0               
# Index-2 Selectivity Data 
0.05            3               0               0.3             
0.5             3               0               0.3             
1               3               0               0.3             
1               3               0               0.3             
1               -3              0               0.3             
1               -3              0               0.3             
1               -3              0               0.3             
1               -3              0               0.3             
0               0               0               0               
0               0               0               2               
0               0               0               0               
0               0               0               0               
0               0               0               0               
0               0               0               0               
# Index-3 Selectivity Data 
0.05            3               0               0.7             
0.5             3               0               0.7             
1               -3              0               0.5             
1               -3              0               0.5             
1               -3              0               0.5             
1               -3              0               0.5             
1               -3              0               0.5             
1               -3              0               0.5             
2               -1              0               1               
2               -3              0               1               
0               0               0               0               
0               0               0               0               
0               0               0               0               
0               0               0               0               
# Index-4 Selectivity Data 
0.25            3               0               0.7             
0.75            3               0               0.7             
1               -3              0               0.7             
1               -3              0               0.5             
1               -3              0               0.5             
1               -3              0               0.5             
1               -3              0               0.5             
1               -3              0               0.5             
0               0               0               0               
0               0               0               0               
0               0               0               0               
0               0               0               0               
0               0               0               0               
0               0               0               0               
# Index-5 Selectivity Data 
0.25            3               0               0.7             
0.75            3               0               0.7             
1               -3              0               0.7             
1               -3              0               0.5             
1               -3              0               0.5             
1               -3              0               0.5             
1               -3              0               0.5             
1               -3              0               0.5             
0               0               0               0               
0               0               0               0               
0               0               0               0               
0               0               0               0               
0               0               0               0               
0               0               0               0               
# Index-6 Selectivity Data 
1               -1              0               1               
0               -1              0               1               
0               -1              0               1               
0               -1              0               1               
0               -1              0               1               
0               -1              0               1               
0               -1              0               1               
0               -1              0               1               
0               0               0               0               
0               0               0               0               
0               0               0               0               
0               0               0               0               
0               0               0               0               
0               0               0               0               
# Index-7 Selectivity Data 
0.05            3               0               0.7             
0.5             3               0               0.7             
1               3               0               0.7             
1               -3              0               0.7             
1               -3              0               0.7             
1               -3              0               0.7             
1               -3              0               0.7             
1               -3              0               0.7             
2               -1              0               1               
2               -3              0               1               
0               0               0               0               
0               0               0               0               
0               0               0               0               
0               0               0               0               
# Index-8 Selectivity Data 
0.05            3               0               0.3             
1               -3              0               0.3             
1               -3              0               0.3             
1               -3              0               0.3             
1               -3              0               0.3             
1               -3              0               0.3             
1               -3              0               0.3             
1               -3              0               0.3             
2               -1              0               1               
2               -3              0               1               
0               0               0               0               
0               0               0               0               
0               0               0               0               
0               0               0               0               
# Index-9 Selectivity Data 
0.05            3               0               0.2             
0.5             3               0               0.2             
1               3               0               0.2             
1               -3              0               0.2             
1               -3              0               0.2             
1               -3              0               0.2             
1               -3              0               0.2             
1               -3              0               0.2             
0               0               0               0               
0               0               0               0               
0               0               0               0               
0               0               0               0               
0               0               0               0               
0               0               0               0               
# Index-10 Selectivity Data 
0.05            3               0               0.2             
0.5             3               0               0.2             
1               3               0               0.2             
1               -3              0               0.2             
1               -3              0               0.2             
1               -3              0               0.2             
1               -3              0               0.2             
1               -3              0               0.2             
0               0               0               0               
0               0               0               0               
0               0               0               0               
0               0               0               0               
0               0               0               0               
0               0               0               0               
# Index-11 Selectivity Data 
0.05            3               0               0.2             
0.5             3               0               0.2             
1               3               0               0.2             
1               -3              0               0.2             
1               -3              0               0.2             
1               -3              0               0.2             
1               -3              0               0.2             
1               -3              0               0.2             
0               0               0               0               
0               0               0               0               
0               0               0               0               
0               0               0               0               
0               0               0               0               
0               0               0               0               
# Index-12 Selectivity Data 
0.05            3               0               0.2             
0.5             3               0               0.2             
1               3               0               0.2             
1               -3              0               0.2             
1               -3              0               0.2             
1               -3              0               0.2             
1               -3              0               0.2             
1               -3              0               0.2             
0               0               0               0               
0               0               0               0               
0               0               0               0               
0               0               0               0               
0               0               0               0               
0               0               0               0               
# Index-13 Selectivity Data 
0.05            3               0               0.2             
0.5             3               0               0.2             
1               3               0               0.2             
1               -3              0               0.2             
1               -3              0               0.2             
1               -3              0               0.2             
1               -3              0               0.2             
1               -3              0               0.2             
0               0               0               0               
0               0               0               0               
0               0               0               0               
0               0               0               0               
0               0               0               0               
0               0               0               0               
# Index-14 Selectivity Data 
0.05            3               0               0.2             
0.5             3               0               0.2             
1               3               0               0.2             
1               -3              0               0.2             
1               -3              0               0.2             
1               -3              0               0.2             
1               -3              0               0.2             
1               -3              0               0.2             
0               0               0               0               
0               0               0               0               
0               0               0               0               
0               0               0               0               
0               0               0               0               
0               0               0               0               
# Index-15 Selectivity Data 
0.05            3               0               0.2             
0.5             3               0               0.2             
1               3               0               0.2             
1               -3              0               0.2             
1               -3              0               0.2             
1               -3              0               0.2             
1               -3              0               0.2             
1               -3              0               0.2             
0               0               0               0               
0               0               0               0               
0               0               0               0               
0               0               0               0               
0               0               0               0               
0               0               0               0               
# Index-1 Data 
1989  0.0174          0.9995          0               0               0               0               0               0               0               0               0               
1990  0.0357          1               0               0               0               0               0               0               0               0               0               
1991  0.0248          0.8307          0               0               0               0               0               0               0               0               0               
1992  0.0332          0.9998          0               0               0               0               0               0               0               0               0               
1993  0.0333          0.9998          0               0               0               0               0               0               0               0               0               
1994  0.0944          1               0               0               0               0               0               0               0               0               0               
1995  0.116           0.4365          0               0               0               0               0               0               0               0               0               
1996  0.0809          0.6523          0               0               0               0               0               0               0               0               0               
1997  0.435           0.6691          0               0               0               0               0               0               0               0               0               
1998  0.0167          0.9995          0               0               0               0               0               0               0               0               0               
1999  0.0835          0.5572          0               0               0               0               0               0               0               0               0               
2000  0.1253          0.5321          0               0               0               0               0               0               0               0               0               
2001  0.3732          0.8095          0               0               0               0               0               0               0               0               0               
2002  0.4738          0.2803          0               0               0               0               0               0               0               0               0               
2003  0.4351          0.3074          0               0               0               0               0               0               0               0               0               
2004  0.2518          0.1882          0               0               0               0               0               0               0               0               0               
2005  0.7639          0.9002          0               0               0               0               0               0               0               0               0               
2006  0.1636          0.7152          0               0               0               0               0               0               0               0               0               
2007  1.0248          0.5544          0               0               0               0               0               0               0               0               0               
2008  0.1353          0.8545          0               0               0               0               0               0               0               0               0               
2009  -999            1               0               0               0               0               0               0               0               0               0               
2010  -999            1               0               0               0               0               0               0               0               0               0               
2011  -999            1               0               0               0               0               0               0               0               0               0               
2012  -999            1               0               0               0               0               0               0               0               0               0               
2013  -999            1               0               0               0               0               0               0               0               0               0               
2014  -999            1               0               0               0               0               0               0               0               0               0               
2015  -999            1               0               0               0               0               0               0               0               0               0               
2016  -999            1               0               0               0               0               0               0               0               0               0               
2017  -999            1               0               0               0               0               0               0               0               0               0               
2018  -999            1               0               0               0               0               0               0               0               0               0               
2019  -999            1               0               0               0               0               0               0               0               0               0               
2020  -999            1               0               0               0               0               0               0               0               0               0               
2021  -999            1               0               0               0               0               0               0               0               0               0               
2022  0               0               0               0               0               0               0               0               0               0               0               
2023  0               0               0               0               0               0               0               0               0               0               0               
2024  0               0               0               0               0               0               0               0               0               0               0               
# Index-2 Data 
1989  -999            -999            -999            -999            -999            -999            -999            -999            -999            -999            0               
1990  -999            -999            -999            -999            -999            -999            -999            -999            -999            -999            0               
1991  -999            -999            -999            -999            -999            -999            -999            -999            -999            -999            0               
1992  -999            -999            -999            -999            -999            -999            -999            -999            -999            -999            0               
1993  -999            -999            -999            -999            -999            -999            -999            -999            -999            -999            0               
1994  -999            -999            -999            -999            -999            -999            -999            -999            -999            -999            0               
1995  -999            -999            -999            -999            -999            -999            -999            -999            -999            -999            0               
1996  -999            -999            -999            -999            -999            -999            -999            -999            -999            -999            0               
1997  -999            -999            -999            -999            -999            -999            -999            -999            -999            -999            0               
1998  -999            -999            -999            -999            -999            -999            -999            -999            -999            -999            0               
1999  -999            -999            -999            -999            -999            -999            -999            -999            -999            -999            0               
2000  -999            -999            -999            -999            -999            -999            -999            -999            -999            -999            0               
2001  -999            -999            -999            -999            -999            -999            -999            -999            -999            -999            0               
2002  -999            -999            -999            -999            -999            -999            -999            -999            -999            -999            0               
2003  -999            -999            -999            -999            -999            -999            -999            -999            -999            -999            0               
2004  -999            -999            -999            -999            -999            -999            -999            -999            -999            -999            0               
2005  -999            -999            -999            -999            -999            -999            -999            -999            -999            -999            0               
2006  -999            -999            -999            -999            -999            -999            -999            -999            -999            -999            0               
2007  -999            -999            -999            -999            -999            -999            -999            -999            -999            -999            0               
2008  1.08            0.795           0.39            2.789           6.057           1.247           0.26            0.054           0.11            0.072           60              
2009  1.489           0.467           3.782           1.623           1.027           0.731           0.182           0.039           0.036           0.093           60              
2010  1.093           0.916           0.076           0.999           2.128           0.857           0.303           0.089           0.008           0.018           60              
2011  1.534           0.403           0.678           0.567           2.52            2.14            0.395           0.113           0.019           0.001           60              
2012  1.417           0.665           6.201           1.743           1.705           0.73            0.178           0.053           0.005           0.001           60              
2013  1.719           0.672           2.687           188.498         6.63            2.63            1.559           0.691           0.113           0.059           60              
2014  1.431           0.449           0.043           118.903         560.994         9.859           2.477           0.744           0.331           0.079           60              
2015  1.519           0.59            0.026           3.389           95.512          162.836         7.504           1.386           0.337           0.139           60              
2016  1.821           0.352           0.327           14.846          55.173          82.259          86.235          4.511           0.565           0.118           60              
2017  1.69            0.522           0.078           7.34            1.748           0.757           0.676           0.876           0.032           0.013           60              
2018  1.473           0.646           0.01            43.033          188.026         15.503          7.558           7.523           14.716          1.054           60              
2019  1.392           0.785           0               3.727           70.24           164.861         15.897          3.516           2.557           5.332           60              
2020  -999            -999            -999            -999            -999            -999            -999            -999            -999            -999            0               
2021  1.482           0.311           0.086           7.658           29.861          29.247          68.983          67.709          5.566           5.968           60              
2022  0               0               0               0               0               0               0               0               0               0               0               
2023  0               0               0               0               0               0               0               0               0               0               0               
2024  0               0               0               0               0               0               0               0               0               0               0               
# Index-3 Data 
1989  0.846           0.536           0               3.957           4.434           4.176           0               0.621           0               0.102           20              
1990  0.541           0.369           1               2.116           10.943          3.686           4.233           0               1               0               20              
1991  -999            1               -999            -999            -999            -999            -999            -999            -999            -999            0               
1992  0.069           0.595           0               1.865           2.135           0               0               0               0               0               20              
1993  0.055           0.662           0               0.333           3.5             1.167           0               1               0               0               20              
1994  0.146           0.769           0               0               3.882           2.707           3.911           0.5             0               0               20              
1995  0.362           0.395           1               5.501           5.987           1.611           0.576           0               0               0               20              
1996  0.089           0.492           1               1.621           3.296           1.412           0.56            0.879           0.161           0.071           20              
1997  0.31            0.646           1               5.28            7.989           1.011           0               0               0               0               20              
1998  0.147           0.46            0               3.969           3.02            2.117           1               0               0               0               20              
1999  0.125           0.445           0               3.228           8.145           4.207           0.476           0.5             0               0               20              
2000  1.584           0.684           4.304           31.227          32.712          24.307          5.936           3.463           0               0.247           20              
2001  0.477           0.457           0               3.19            19.469          3.964           2.506           1.173           0.82            0.575           20              
2002  0.763           0.288           0.5             6.682           11.082          17.705          3.276           1.938           0.258           0.091           20              
2003  0.4             0.341           0               1.19            6.001           15.191          11.03           0.392           0.459           0               20              
2004  0.325           0.393           0               2.471           10.644          5.09            6.234           2.879           0               0.154           20              
2005  0.392           0.327           0               1.084           3.812           8.949           3.137           5.445           1.833           0.25            20              
2006  0.394           0.281           3.333           7.183           3.318           2.844           4.35            1.956           2.333           0               20              
2007  0.827           0.343           0               18.285          6.255           3.435           1.473           2.553           2.067           0.5             20              
2008  1.181           0.316           3.642           7.741           30.178          9.242           1.816           1.56            5.044           2.94            20              
2009  0.501           0.239           2.263           9.919           13.674          12.793          3.433           0.449           0.42            2.672           20              
2010  0.686           0.277           2.856           13.396          20.093          10.001          7.261           1.036           0.103           0.12            20              
2011  0.28            0.362           0.333           2.416           5.299           6.399           2.181           1.177           0.14            0.056           20              
2012  1.529           0.364           14.452          25.652          27.26           22.256          17.272          7.333           3.153           0.864           20              
2013  1.367           0.324           3.961           27.782          12.014          10.725          5.586           2.154           0.241           0.102           20              
2014  2.054           0.4             0               10.974          73.775          13.639          10.713          7.524           4.981           1.658           20              
2015  0.641           0.376           0               4.468           12.831          28.015          3.905           1.278           0.618           0.167           20              
2016  1.645           0.249           5.091           20.144          15.793          17.497          30.996          4.666           2.539           3.042           20              
2017  1.927           0.456           3.146           35.431          37.388          47.852          66.517          134.832         8.907           4.271           20              
2018  2.833           0.372           0.922           24.168          81.981          9.473           2.736           2.494           4.668           0.353           20              
2019  1.21            0.228           2               6.189           9.785           16.068          2.667           1.363           1.183           2.944           20              
2020  -999            1               -999            -999            -999            -999            -999            -999            -999            -999            0               
2021  1.902           0.245           3.5             14.981          19.034          6.087           7.801           11.247          1.699           5.27            20              
2022  0               0               0               0               0               0               0               0               0               0               0               
2023  0               0               0               0               0               0               0               0               0               0               0               
2024  0               0               0               0               0               0               0               0               0               0               0               
# Index-4 Data 
1989  0               1               -999            -999            -999            -999            -999            -999            -999            -999            0               
1990  0               1               -999            -999            -999            -999            -999            -999            -999            -999            0               
1991  0.024           0.592           2               0               1               1               1               0               0               0               5               
1992  0               1               -999            -999            -999            -999            -999            -999            -999            -999            0               
1993  0               1               -999            -999            -999            -999            -999            -999            -999            -999            0               
1994  0               1               -999            -999            -999            -999            -999            -999            -999            -999            0               
1995  0.04            0.69            0               2.267           0.733           0               0               0               0               0               5               
1996  0.103           0.359           0               2.437           1.859           0.422           0.181           0.08            0.02            0               5               
1997  0.05            0.639           2               1               1               0               0               0               0               0               5               
1998  0               1               -999            -999            -999            -999            -999            -999            -999            -999            0               
1999  0.05            0.443           2               0               0.629           1.229           0.143           0               0               0               5               
2000  0.297           0.425           8.23            0.125           0.375           0.5             0               0.125           0               0               5               
2001  0.131           0.297           0               5.013           4.454           1.723           0.738           0               0.071           0               5               
2002  0.145           0.418           5.5             0.556           1.433           0.511           0               0               0               0               5               
2003  0               1               -999            -999            -999            -999            -999            -999            -999            -999            0               
2004  0.182           0.329           0               1.18            4.579           1.592           1.12            0.091           0               0               5               
2005  0.013           0.814           0               0               0.125           0.5             0.375           0               0               0               5               
2006  0.046           0.241           3.709           1.367           1.478           0.611           1.183           0.361           1               0               5               
2007  0.071           0.436           1               1.713           0.21            0.077           0               2.5             0               0.5             5               
2008  0.118           0.445           7.665           0.335           0               0               0               0               0               0               5               
2009  0.132           0.468           1               0.875           2.265           1.647           0.213           0               0               0               5               
2010  0.022           0.417           0               0.107           1.341           0.516           0               0               0               0.036           5               
2011  0.082           0.287           1               0.026           1.041           2.145           0.897           0.734           0.121           0.036           5               
2012  0.363           0.187           10.106          3.405           0.53            0.846           1.402           1.45            1.086           0.026           5               
2013  0.613           0.155           3.413           25.121          6.727           3.901           1.33            0.479           0.029           0.015           5               
2014  0.853           0.117           0               1.869           23.968          5.465           3.486           1.868           1.092           1.137           5               
2015  0.803           0.183           0               3.105           7.76            11.761          1.547           0.917           0.745           0.321           5               
2016  1.003           0.2             10.882          6.997           4.183           4.96            12.32           1.719           1.07            0.664           5               
2017  0.99            0.137           0               0               0               0               0               0               0               0               5               
2018  1.906           0.214           0               7.701           22.608          2.168           1.046           1.486           2.947           0.157           5               
2019  1.18            0.193           17.632          2.732           0               0               1.755           1.163           1.239           3.241           5               
2020  1.613           0.14            14.52           12.389          1.724           4.881           10.639          2.232           1.586           3.934           5               
2021  1.82            0.116           5               11.027          9.037           3.088           4.032           7.399           1.383           2.455           5               
2022  0               0               0               0               0               0               0               0               0               0               0               
2023  0               0               0               0               0               0               0               0               0               0               0               
2024  0               0               0               0               0               0               0               0               0               0               0               
# Index-5 Data 
1989  0.003           1.598           0               3.413           1.872           3.996           0               0.722           0               0.997           20              
1990  0.012           0.805           1               2.501           7.214           1.796           1.921           0               0.979           0               20              
1991  0.009           0.881           2.235           0.265           0.036           6.615           0.095           1.426           0.028           0               20              
1992  0               14.259          0               0.972           2.028           0               0               0               0               0               20              
1993  0               10.668          0.216           3.94            4.094           1.75            0               0               0               0               20              
1994  0.01            0.695           0               1.585           9.386           3.246           3.054           0               0               0               20              
1995  0               15.599          0               2.61            1.926           0.538           0.676           0               0               0.25            20              
1996  0.014           1.106           0               3.596           5.978           3.306           0.992           0.68            0.197           0.25            20              
1997  0.009           0.68            0               4.498           6.955           1.046           0               0               0               0               20              
1998  0.003           1.019           0               3.839           2.582           1.293           0.286           0               0               0               20              
1999  0.007           0.941           1               1.993           6.169           3.285           1.053           0.5             0               0               20              
2000  0.06            0.532           9.062           8.299           6.217           4.402           0.742           0.296           0               0               20              
2001  0.086           0.493           0               5.443           18.125          2.886           0.774           0.343           1.098           0               20              
2002  0.693           0.385           14.673          6.035           19.529          25.331          2.653           1.06            0.467           0.186           20              
2003  0.042           0.52            0               5.901           2.987           6.548           8.174           0.969           0.298           0               20              
2004  0.06            0.411           0               2.363           8.624           5.469           8.062           1.435           0.182           0.459           20              
2005  0.022           0.821           0               0               0.878           5.292           3.189           1.308           0.172           0               20              
2006  0.004           1.066           1               1.2             0.5             0.856           3               0.444           0               0               20              
2007  0.113           0.467           7.544           8.204           7.193           3.986           3.558           2.851           2.15            0.25            20              
2008  0.078           0.625           7.555           5.272           7.807           3.926           1.289           0.305           0.089           0.132           20              
2009  0.164           0.474           7.853           9.671           9.762           9.61            2.158           0.322           0.073           0               20              
2010  0.091           0.336           0.67            4.104           7.371           3.94            2.544           0.726           0               0.25            20              
2011  0.052           0.693           1.533           4.894           5.563           11.304          3.686           1.162           0.154           0               20              
2012  0.411           0.333           14.413          9.327           15.674          12.364          8.92            3.673           1.457           0.37            20              
2013  0.505           0.284           4.427           23.572          7.706           8.908           6.105           3.79            0.918           0.656           20              
2014  2.982           0.253           11.488          14.705          99.338          11.412          6.022           2.831           1.493           0.483           20              
2015  2.461           0.264           1               8.351           23.897          76.329          11.046          3.723           1.428           0.725           20              
2016  2.086           0.29            3.36            9.597           12.195          29.755          86.019          6.665           3.432           1.045           20              
2017  3.829           0.327           0.834           26.324          14.298          13.44           22.436          58.161          4.839           5.34            20              
2018  3.322           0.253           5.113           26.65           80.573          14.857          6.229           10.544          32.111          3.992           20              
2019  4.416           0.208           13.501          6.217           31.995          95.842          14.469          6.842           6.577           24.811          20              
2020  -999            -999            -999            -999            -999            -999            -999            -999            -999            -999            0               
2021  2.996           0.234           1.5             17.475          34.257          11.136          16.42           30.225          5.096           14.788          20              
2022  0               0               0               0               0               0               0               0               0               0               0               
2023  0               0               0               0               0               0               0               0               0               0               0               
2024  0               0               0               0               0               0               0               0               0               0               0               
# Index-6 Data 
1989  -999            1               0               0               0               0               0               0               0               0               0               
1990  -999            1               0               0               0               0               0               0               0               0               0               
1991  0.263           0.636           0               0               0               0               0               0               0               0               0               
1992  -999            1               0               0               0               0               0               0               0               0               0               
1993  -999            1               0               0               0               0               0               0               0               0               0               
1994  0.022           1.086           0               0               0               0               0               0               0               0               0               
1995  0.03            1.063           0               0               0               0               0               0               0               0               0               
1996  -999            1               0               0               0               0               0               0               0               0               0               
1997  0.143           0.792           0               0               0               0               0               0               0               0               0               
1998  -999            1               0               0               0               0               0               0               0               0               0               
1999  0.206           0.58            0               0               0               0               0               0               0               0               0               
2000  0.191           0.518           0               0               0               0               0               0               0               0               0               
2001  0.038           1.041           0               0               0               0               0               0               0               0               0               
2002  0.697           0.413           0               0               0               0               0               0               0               0               0               
2003  -999            1               0               0               0               0               0               0               0               0               0               
2004  -999            1               0               0               0               0               0               0               0               0               0               
2005  -999            1               0               0               0               0               0               0               0               0               0               
2006  0.217           0.893           0               0               0               0               0               0               0               0               0               
2007  0.143           0.735           0               0               0               0               0               0               0               0               0               
2008  -999            1               0               0               0               0               0               0               0               0               0               
2009  0.063           0.686           0               0               0               0               0               0               0               0               0               
2010  0.023           1.105           0               0               0               0               0               0               0               0               0               
2011  -999            1               0               0               0               0               0               0               0               0               0               
2012  2.742           0.391           0               0               0               0               0               0               0               0               0               
2013  -999            1               0               0               0               0               0               0               0               0               0               
2014  0.106           0.601           0               0               0               0               0               0               0               0               0               
2015  0.037           1.175           0               0               0               0               0               0               0               0               0               
2016  2.185           0.461           0               0               0               0               0               0               0               0               0               
2017  0.413           0.37            0               0               0               0               0               0               0               0               0               
2018  0.024           1.166           0               0               0               0               0               0               0               0               0               
2019  1.071           0.394           0               0               0               0               0               0               0               0               0               
2020  0.765           0.476           0               0               0               0               0               0               0               0               0               
2021  0.109           0.576           0               0               0               0               0               0               0               0               0               
2022  0               0               0               0               0               0               0               0               0               0               0               
2023  0               0               0               0               0               0               0               0               0               0               0               
2024  0               0               0               0               0               0               0               0               0               0               0               
# Index-7 Data 
1989  -999            -999            0               0               0               0               0               0               0               0               0               
1990  -999            -999            0               0               0               0               0               0               0               0               0               
1991  -999            -999            0               0               0               0               0               0               0               0               0               
1992  487             0.8             0               0               0               0               0               0               0               0               0               
1993  30              0.8             0               0               0               0               0               0               0               0               0               
1994  211             0.8             0               0               0               0               0               0               0               0               0               
1995  412             0.8             0               0               0               0               0               0               0               0               0               
1996  5466            0.8             0               0               0               0               0               0               0               0               0               
1997  347             0.8             0               0               0               0               0               0               0               0               0               
1998  150             0.8             0               0               0               0               0               0               0               0               0               
1999  514             0.8             0               0               0               0               0               0               0               0               0               
2000  3352            0.8             0               0               0               0               0               0               0               0               0               
2001  2541            0.8             0               0               0               0               0               0               0               0               0               
2002  2402            0.8             0               0               0               0               0               0               0               0               0               
2003  6447            0.8             0               0               0               0               0               0               0               0               0               
2004  623             0.8             0               0               0               0               0               0               0               0               0               
2005  63              0.8             0               0               0               0               0               0               0               0               0               
2006  2268            0.8             0               0               0               0               0               0               0               0               0               
2007  1645            0.8             0               0               0               0               0               0               0               0               0               
2008  -999            -999            0               0               0               0               0               0               0               0               0               
2009  -999            -999            0               0               0               0               0               0               0               0               0               
2010  -999            -999            0               0               0               0               0               0               0               0               0               
2011  -999            -999            0               0               0               0               0               0               0               0               0               
2012  -999            -999            0               0               0               0               0               0               0               0               0               
2013  -999            -999            0               0               0               0               0               0               0               0               0               
2014  -999            -999            0               0               0               0               0               0               0               0               0               
2015  -999            -999            0               0               0               0               0               0               0               0               0               
2016  -999            -999            0               0               0               0               0               0               0               0               0               
2017  -999            -999            0               0               0               0               0               0               0               0               0               
2018  -999            -999            0               0               0               0               0               0               0               0               0               
2019  -999            -999            0               0               0               0               0               0               0               0               0               
2020  -999            -999            0               0               0               0               0               0               0               0               0               
2021  -999            -999            0               0               0               0               0               0               0               0               0               
2022  0               0               0               0               0               0               0               0               0               0               0               
2023  0               0               0               0               0               0               0               0               0               0               0               
2024  0               0               0               0               0               0               0               0               0               0               0               
# Index-8 Data 
1989  0.479           0.04            156441          731657          424900          210501          0               27767           0               14244           35              
1990  0.235           0.04            111983          315454          223096          43343           25262           0               547             0               35              
1991  0.235           0.04            77776           565649          59749           75883           12587           2901            224             0               35              
1992  0.252           0.04            36097           257350          14683           4640            15494           0               0               5803            35              
1993  0.201           0.05            46841           195705          49905           44365           0               38759           0               0               35              
1994  0.439           0.05            709419          61205           380805          22017           29571           2801            0               0               35              
1995  0.412           0.06            673038          137972          32490           6770            6104            392             0               1868            35              
1996  0.504           0.05            603680          312234          35350           8796            2110            3954            420             627             35              
1997  0.554           0.06            151883          1194128         64355           15753           0               0               0               0               35              
1998  0.318           0.06            47638           341454          53292           37235           5744            8066            0               2940            35              
1999  1.079           0.05            2804945         399561          83055           41783           16357           8755            0               0               35              
2000  1.026           0.04            2884755         860535          139855          103921          22145           26444           0               4645            35              
2001  0.65            0.04            830008          1067515         492869          119096          73827           26940           38341           1084            35              
2002  1.125           0.04            1906183         2753916         1114378         394236          46792           15519           17826           6715            35              
2003  0.631           0.04            0               1463978         750216          523525          275558          20268           8027            0               35              
2004  0.565           0.04            149781          534511          1056609         110428          159124          41477           491             3072            35              
2005  0.54            0.05            523850          982690          243232          365719          163429          114300          25168           7890            35              
2006  1.159           0.04            1304036         1252260         340578          252513          285642          39281           54507           338             35              
2007  1.098           0.04            1346216         2066315         739078          171867          107714          114816          51502           7410            35              
2008  1.256           0.04            1631053         2719100         973989          267590          78395           58696           39183           25979           35              
2009  1.773           0.04            1352465         3347455         1373583         842380          207366          14566           5960            33818           35              
2010  1.815           0.04            725624          2517741         2136755         1235684         705625          100501          4742            5687            35              
2011  1.29            0.04            1061250         1461449         904190          721394          258544          156757          20599           3265            35              
2012  3.664           0.03            5673937         6127085         3282614         1224487         843601          297217          142271          36108           35              
2013  2.294           0.03            2010194         7428184         1479622         1063427         561826          363114          121389          72228           35              
2014  2.869           0.03            745336          3277422         8237122         1050980         603936          361333          226470          118534          35              
2015  2.431           0.03            1030878         4831011         3839148         5007284         865543          395843          198058          192482          35              
2016  2.832           0.02            4938420         8601888         2493091         2216858         5219273         627599          402579          304917          35              
2017  3.108           0.02            1731414         16635595        3465498         1431283         1166384         2770506         217515          175951          35              
2018  2.595           0.02            338915          3720835         6454715         1396503         503141          551475          1612296         180723          35              
2019  3.028           0.02            1594571         2582272         4725463         8649296         1418513         528108          509201          1546928         35              
2020  2.998           0.02            1711229         6186280         2441033         4322361         4810125         919641          414102          1302485         35              
2021  3.16            0.02            1512160         6062728         6079117         1417580         2304112         3623878         559097          1258429         35              
2022  3.362           0.02            4313185         2881590         5591694         3881809         1398314         1238668         2389693         789083          35              
2023  3.328           0.02            2978218         5497921         2491386         4360584         3051315         641167          635226          1351697         35              
2024  3.726           0.02            1111342         5306757         6940434         2376273         2951515         1876853         537139          834257          35              
# Index-9 Data 
1989  -999            1               -999            -999            -999            -999            -999            -999            -999            -999            0               
1990  -999            1               -999            -999            -999            -999            -999            -999            -999            -999            0               
1991  -999            1               -999            -999            -999            -999            -999            -999            -999            -999            0               
1992  -999            1               -999            -999            -999            -999            -999            -999            -999            -999            0               
1993  -999            1               -999            -999            -999            -999            -999            -999            -999            -999            0               
1994  -999            1               -999            -999            -999            -999            -999            -999            -999            -999            0               
1995  -999            1               -999            -999            -999            -999            -999            -999            -999            -999            0               
1996  -999            1               -999            -999            -999            -999            -999            -999            -999            -999            0               
1997  -999            1               -999            -999            -999            -999            -999            -999            -999            -999            0               
1998  -999            1               -999            -999            -999            -999            -999            -999            -999            -999            0               
1999  -999            1               -999            -999            -999            -999            -999            -999            -999            -999            0               
2000  -999            1               -999            -999            -999            -999            -999            -999            -999            -999            0               
2001  -999            1               -999            -999            -999            -999            -999            -999            -999            -999            0               
2002  -999            1               -999            -999            -999            -999            -999            -999            -999            -999            0               
2003  -999            1               -999            -999            -999            -999            -999            -999            -999            -999            0               
2004  -999            1               -999            -999            -999            -999            -999            -999            -999            -999            0               
2005  -999            1               -999            -999            -999            -999            -999            -999            -999            -999            0               
2006  -999            1               -999            -999            -999            -999            -999            -999            -999            -999            0               
2007  -999            1               -999            -999            -999            -999            -999            -999            -999            -999            0               
2008  -999            1               -999            -999            -999            -999            -999            -999            -999            -999            0               
2009  0.9543          0.337           0.6035          0.2979          0.0283          0.0168          0               0.0077          0               0               20              
2010  0.5686          0.3931          0.0674          0.2372          0.2262          0.0301          0.0032          0.0044          0               0               20              
2011  0.5567          0.4365          0.3065          0.1493          0.0728          0.0198          0               0.0042          0.0042          0               20              
2012  2.2443          0.281           1.3669          0.4689          0.2036          0.1039          0.0536          0.0306          0               0.0168          20              
2013  1.2164          0.3689          0.2777          0.8367          0.0937          0.0088          0               0               0               0               20              
2014  5.0686          0.5419          0.0688          0.7059          3.7587          0.3413          0.1161          0.0291          0.0225          0.0261          20              
2015  0.8842          0.656           0.2618          0.1258          0.2952          0.1875          0.0097          0.004           0               0               20              
2016  4.1186          0.3313          0.1777          0.6916          0.6425          0.7118          1.6678          0.0917          0.0632          0.0724          20              
2017  3.7608          0.3058          0.2149          2.0107          0.6829          0.272           0.141           0.4133          0.0111          0.0155          20              
2018  0.201           0.3357          0.0021          0.0564          0.1197          0.0056          0               0.0056          0.0056          0.0066          20              
2019  3.9155          0.8436          0.3006          0.4463          2.1238          0.9742          0.029           0               0.0166          0.0251          5               
2020  -999            1               -999            -999            -999            -999            -999            -999            -999            -999            0               
2021  6.5095          0.6147          0.1419          3.0389          2.3073          0.436           0.2315          0.2679          0.0372          0.0493          20              
2022  0               0               0               0               0               0               0               0               0               0               0               
2023  0               0               0               0               0               0               0               0               0               0               0               
2024  0               0               0               0               0               0               0               0               0               0               0               
# Index-10 Data 
1989  0.222669008     0.404088935     0.027628716     0.406975019     0.208427623     0.254931341     0.016089095     0.054951143     0.003551808     0.027445255     50              
1990  0.102159371     0.468315503     0.048202703     0.105537183     0.565642315     0.066274055     0.188595867     0.00833713      0.012784873     0.004625874     50              
1991  0.061512354     0.400234291     0.327802362     0.189094163     0.175295106     0.188982186     0.070676951     0.022149454     0.012053715     0.013946063     50              
1992  0.064156902     0.348033386     0.120146394     0.273792511     0.451420513     0.080180796     0.054029155     0.009175926     0.004782908     0.006471798     50              
1993  0.024272647     0.396404543     0.038879606     0.332972334     0.415137775     0.143441164     0.01919871      0.035929974     0.006535444     0.007904991     50              
1994  0.063295076     0.39477089      0.101448542     0.071989266     0.504458035     0.164780169     0.132706387     0.011584213     0.004113693     0.008919694     50              
1995  0.105071065     0.268568695     0.25122497      0.312571316     0.335099877     0.046303413     0.039529822     0.006473136     0.003755992     0.005041474     50              
1996  0.164716986     0.278153081     0.265878519     0.475443507     0.210369408     0.029692814     0.004495633     0.009331409     0.001528681     0.003260029     50              
1997  0.122734196     0.280837168     0.117736409     0.431481988     0.378085983     0.048808278     0.009127436     0.006122384     0.003415096     0.005222427     50              
1998  0.039950072     0.381138625     0.192598685     0.336037942     0.224384822     0.166126127     0.037477497     0.026330987     0.005608274     0.011435665     50              
1999  0.145954215     0.248882962     0.202891875     0.224415467     0.368630394     0.158031548     0.012145713     0.02414486      0.003847753     0.005892391     50              
2000  0.536940184     0.215975737     0.280996364     0.409259271     0.159660249     0.129780068     0.012078997     0.005543063     0.000926095     0.001755892     50              
2001  0.295054815     0.221818551     0.143762553     0.288703129     0.482016533     0.03581936      0.026816416     0.008920061     0.009560994     0.004400955     50              
2002  0.497092308     0.178358202     0.236612019     0.106316536     0.339871454     0.308144459     0.003592138     0.003011211     0.001278966     0.001173218     50              
2003  0.225650085     0.261442069     0.164152928     0.286750244     0.135295344     0.293105605     0.11548618      0.001890805     0.002244516     0.001074378     50              
2004  0.127826264     0.222188575     0.122451937     0.067326496     0.462430845     0.083819087     0.214347947     0.04632591      0.001464847     0.001832931     50              
2005  0.110021273     0.323728855     0.236770171     0.050239463     0.0747246       0.368597674     0.13700485      0.109822816     0.017545646     0.00529478      50              
2006  0.216831791     0.223991615     0.317852622     0.397140063     0.094957875     0.057055116     0.089299817     0.01408213      0.02451575      0.005096626     50              
2007  0.361364779     0.201826539     0.143121595     0.486788599     0.159978928     0.072828913     0.038909229     0.06125265      0.031408529     0.005711558     50              
2008  0.47772964      0.274289705     0.16924271      0.166365323     0.540068735     0.066324722     0.008288793     0.002855003     0.040868894     0.00598582      50              
2009  0.712965713     0.212324047     0.228215705     0.307014889     0.230265524     0.214047427     0.007503321     0.001717948     0.000903028     0.010332158     50              
2010  0.476581995     0.211849253     0.07703643      0.254439881     0.505395966     0.120119916     0.035277356     0.004278689     0.00076988      0.002681883     50              
2011  0.372263621     0.20711334      0.145958818     0.231290468     0.227557218     0.325646754     0.053137861     0.014018052     0.001079419     0.00131141      50              
2012  1.869645857     0.188142146     0.347448732     0.211847298     0.226598675     0.122745131     0.072458228     0.011634083     0.006107108     0.001160745     50              
2013  1.420719707     0.20405381      0.089446313     0.609057981     0.125408451     0.125190079     0.039072393     0.008659916     0.000378924     0.002785943     50              
2014  2.458485598     0.203821557     0.024803507     0.100006516     0.761781159     0.079646195     0.01752788      0.011083743     0.004230162     0.000920838     50              
2015  1.350122532     0.224040889     0.021729231     0.065131301     0.159261046     0.707130226     0.041400097     0.00451164      0.000217437     0.000619023     50              
2016  2.806333638     0.180191861     0.032941759     0.167038533     0.10350979      0.167329524     0.517044546     0.004651736     0.002344661     0.005139451     50              
2017  2.218466953     0.191987047     0.03209213      0.300681818     0.114296582     0.116031641     0.000569188     0.42661935      0.0001913       0.009517991     50              
2018  0.97090207      0.220541581     0.01013697      0.175363183     0.584909137     0.106586859     0.001033125     0.00063573      0.120973716     0.000361279     50              
2019  1.578671492     0.20311533      0.138043809     0.116611845     0.193444413     0.432638679     0.040209593     0.000768991     0.00038433      0.07789834      50              
2020  1.836619831     0.291962553     0.176481654     0.455286601     0.02277883      0.067654407     0.229560893     0.001299792     0.000635362     0.046302461     50              
2021  3.002434315     0.198223836     0.028832792     0.342796966     0.3939653       0.00111688      0.074220344     0.13476236      0.00025746      0.024047898     50              
2022  2.608708616     0.189787282     0.185018576     0.216758543     0.315381316     0.18540557      0.000539008     0.000441798     0.09005028      0.00640491      50              
2023  3.03042939      0.240601174     0.204123242     0.300735265     0.173023393     0.153820845     0.079580873     0.027681265     0.000236967     0.060798149     50              
2024  5.321645641     0.205696473     0.065456399     0.454867165     0.103996922     0.141836769     0.155626842     0.043170233     0.013832349     0.021213322     50              
# Index-11 Data 
1989  54.51800101     0.795846226     0.921327448     0.032995496     0.028444482     0.008011956     0.003254179     0.004011181     0.001055772     0.000899487     50              
1990  8.625073707     0.535395469     0.870354763     0.017733836     0.060814292     0.013109738     0.026498624     0.002769356     0.007560613     0.001158779     50              
1991  14.2293429      0.609341161     0.883164735     0.053579826     0.02953436      0.018666866     0.009296103     0.002920116     0.001453225     0.001384769     50              
1992  29.10975147     0.445588259     0.897662919     0.029476062     0.049107775     0.017384499     0.002745201     0.001910679     0.00089183      0.000821035     50              
1993  30.08289345     0.457607282     0.538774713     0.234145084     0.178932706     0.026207583     0.006741807     0.010748627     0.002221457     0.002228024     50              
1994  17.6977034      0.529225907     0.939721316     0.008899009     0.030103056     0.012425747     0.006393774     0.001254333     0.000615645     0.000587119     50              
1995  39.61911039     0.43627103      0.828444205     0.123860625     0.026622834     0.011308778     0.005129194     0.002362199     0.001096622     0.001175543     50              
1996  32.73030965     0.363113359     0.920653071     0.038436536     0.033174231     0.003357188     0.002226377     0.001100487     0.000534237     0.000517873     50              
1997  35.12002084     0.285039479     0.894080283     0.032309105     0.061663537     0.006860259     0.002214844     0.001496892     0.000695888     0.000679192     50              
1998  31.14781267     0.573086171     0.931820497     0.020388506     0.028859772     0.006304485     0.00316862      0.006347958     0.000995681     0.002114481     50              
1999  156.4040408     0.205456195     0.832775954     0.070935157     0.068518914     0.019610741     0.004612604     0.002538081     0.000519607     0.000488943     50              
2000  419.0806312     0.174882764     0.827173872     0.060909033     0.083181123     0.026438282     0.001006511     0.000921887     0.000192469     0.000176823     50              
2001  169.7689132     0.170377667     0.757994636     0.044626973     0.166473457     0.016929804     0.00755297      0.00493015      0.000374627     0.001117382     50              
2002  433.9294681     0.151878245     0.70789908      0.139730093     0.074174659     0.075562711     0.000602061     0.001644094     0.000196368     0.000190934     50              
2003  395.2821566     0.169107232     0.849342454     0.031542145     0.052964167     0.053359126     0.011622494     0.000366436     0.000628156     0.00017502      50              
2004  428.3406429     0.184577316     0.863302707     0.01126334      0.054531108     0.013140195     0.044548277     0.012767248     0.00022797      0.000219154     50              
2005  467.1165706     0.182191686     0.916885717     0.009908177     0.009543791     0.042199268     0.009678889     0.011114936     0.000142093     0.000527129     50              
2006  283.9566889     0.1803337       0.841571818     0.091231667     0.014467542     0.02177527      0.02783757      0.000650368     0.0021589       0.000306865     50              
2007  149.9709194     0.208362781     0.770653886     0.097829627     0.064968932     0.031338163     0.016004238     0.009863051     0.008861478     0.000480625     50              
2008  378.5014092     0.160914544     0.835988187     0.072039884     0.071357504     0.018161381     0.000924881     0.000606452     0.000602105     0.000319605     50              
2009  136.567327      0.179192754     0.706702164     0.155421767     0.078154969     0.05420536      0.003673463     0.000919104     0.000450355     0.000472819     50              
2010  190.1177731     0.167635323     0.579119811     0.088774398     0.215958989     0.067389442     0.040062549     0.002987932     0.001237502     0.004469376     50              
2011  121.3280676     0.151012663     0.599293704     0.069372802     0.114237691     0.172740418     0.031343623     0.01038731      0.000349564     0.002274888     50              
2012  292.2128221     0.130796276     0.485020678     0.339689089     0.073422242     0.038536473     0.047039342     0.007975412     0.007981266     0.000335498     50              
2013  345.4203657     0.140521542     0.501874277     0.264256849     0.12075737      0.056899212     0.041633053     0.008729662     0.000232249     0.005617329     50              
2014  362.1049819     0.118854217     0.474804026     0.026057941     0.361007765     0.091592175     0.02675099      0.017386705     0.002137042     0.000263355     50              
2015  341.1799001     0.152479462     0.589776952     0.054632983     0.081949506     0.250057672     0.019045553     0.002067599     0.000629947     0.001839789     50              
2016  525.2953723     0.132279884     0.705212843     0.095393091     0.018659572     0.018359266     0.159912305     0.000767623     0.000160273     0.001535028     50              
2017  598.8167083     0.162032666     0.720685313     0.146297548     0.045427842     0.009816284     0.000482479     0.076967577     0.00015118      0.000171777     50              
2018  563.7744783     0.136403484     0.647761156     0.069463289     0.178504303     0.028139976     0.000457026     0.000287557     0.075216918     0.000169776     50              
2019  378.783112      0.14029766      0.498762791     0.076084543     0.073504626     0.269101444     0.012992691     0.000525154     0.0002604       0.06876835      50              
2020  383.6912518     0.255313767     0.265173954     0.364282263     0.00441997      0.038209951     0.272436648     0.001724956     0.000832093     0.052920164     25              
2021  327.0067088     0.152525494     0.393223632     0.197158655     0.26095014      0.001302356     0.05663261      0.081433009     0.000247265     0.009052333     50              
2022  0               0               0               0               0               0               0               0               0               0               0               
2023  0               0               0               0               0               0               0               0               0               0               0               
2024  0               0               0               0               0               0               0               0               0               0               0               
# Index-12 Data 
1989  -999            1               0               0               0               0               0               0               0               0               0               
1990  -999            1               0               0               0               0               0               0               0               0               0               
1991  -999            1               0               0               0               0               0               0               0               0               0               
1992  -999            1               0               0               0               0               0               0               0               0               0               
1993  -999            1               0               0               0               0               0               0               0               0               0               
1994  -999            1               0               0               0               0               0               0               0               0               0               
1995  -999            1               0               0               0               0               0               0               0               0               0               
1996  -999            1               0               0               0               0               0               0               0               0               0               
1997  -999            1               0               0               0               0               0               0               0               0               0               
1998  -999            1               0               0               0               0               0               0               0               0               0               
1999  -999            1               0               0               0               0               0               0               0               0               0               
2000  -999            1               0               0               0               0               0               0               0               0               0               
2001  -999            1               0               0               0               0               0               0               0               0               0               
2002  -999            1               0               0               0               0               0               0               0               0               0               
2003  -999            1               0               0               0               0               0               0               0               0               0               
2004  -999            1               0               0               0               0               0               0               0               0               0               
2005  -999            1               0               0               0               0               0               0               0               0               0               
2006  -999            1               0               0               0               0               0               0               0               0               0               
2007  0.787           0.988           0               0               0               0               0               0               0               0               0               
2008  1.183           0.832           0.39            2.789           6.057           1.247           0.26            0.054           0.11            0.072           50              
2009  0.979           1.082           3.782           1.623           1.027           0.731           0.182           0.039           0.036           0.093           50              
2010  1.078           0.902           0.076           0.999           2.128           0.857           0.303           0.089           0.008           0.018           50              
2011  1.271           0.723           0.678           0.567           2.52            2.14            0.395           0.113           0.019           0.001           50              
2012  1.895           0.558           6.201           1.743           1.705           0.73            0.178           0.053           0.005           0.001           50              
2013  1.544           0.515           2.687           188.498         6.63            2.63            1.559           0.691           0.113           0.059           50              
2014  1.331           0.876           0.043           118.903         560.994         9.859           2.477           0.744           0.331           0.079           50              
2015  0.91            0.895           0.026           3.389           95.512          162.836         7.504           1.386           0.337           0.139           50              
2016  0.865           0.993           0.327           14.846          55.173          82.259          86.235          4.511           0.565           0.118           50              
2017  1.475           0.508           0.078           7.34            1.748           0.757           0.676           0.876           0.032           0.013           50              
2018  1.362           0.738           0.01            43.033          188.026         15.503          7.558           7.523           14.716          1.054           50              
2019  1.119           0.731           0               3.727           70.24           164.861         15.897          3.516           2.557           5.332           50              
2020  0               0               0               0               0               0               0               0               0               0               0               
2021  1.148           0.85            0.086           7.658           29.861          29.247          68.983          67.709          5.566           5.968           50              
2022  0               0               0               0               0               0               0               0               0               0               0               
2023  0               0               0               0               0               0               0               0               0               0               0               
2024  0               0               0               0               0               0               0               0               0               0               0               
# Index-13 Data 
1989  0.421           0.568           0               3.083           0.917           0               0               0               0               0               10              
1990  0.823           0.427           0               0               3               0.5             1               0               0.5             0               10              
1991  0               1               0               0               0               0               0               0               0               0               0               
1992  0.541           0.395           0               3               0               0               0               0               0               0               10              
1993  0.108           0.677           0               0.75            0.25            0               0               0               0               0               10              
1994  0.56            0.406           0               0.5             1               0.5             0               0               0               0               10              
1995  -999            1               0               0               0               0               0               0               0               0               0               
1996  0.239           0.338           1.119           1.441           0.393           0.047           0               0               0               0               10              
1997  2.693           0.244           0               7.259           6.9             1               0               0               0               0               10              
1998  0.028           0.889           0               0.2             0.667           0.067           0.067           0               0               0               10              
1999  3.177           0.127           6.726           4.505           2.186           1.562           0.976           0               0               0               10              
2000  18.041          0.139           11.123          56.419          3.192           6.259           1.08            0.192           0               0.027           10              
2001  4.447           0.119           0.222           16.344          19.439          2.525           1.23            0.813           0               0               10              
2002  35.108          0.121           101.979         13.545          19.928          32.154          3.543           1.238           0.9             0.233           10              
2003  4.798           0.086           0               6.538           10.181          14.96           8.038           1.135           0.756           0               10              
2004  1.064           0.134           0               0.892           3.999           2.462           4.181           1.314           0.182           0.37            10              
2005  1.765           0.146           1               1               0.885           6.638           2.885           3.343           0.25            0               10              
2006  3.688           0.121           21.283          6.92            2.547           1.954           4.579           0.402           0               0               10              
2007  3.093           0.228           3.396           10.323          5.148           0.942           0               0.273           0.091           0               10              
2008  4.337           0.103           7.206           4.397           8.143           5.361           1.625           1.23            0.597           0.166           10              
2009  12.086          0.119           7.06            19.135          7.686           6.081           1.679           0.256           0.094           0               10              
2010  9.155           0.156           1.286           9.01            16.789          12.008          5.594           0.634           0.158           0               10              
2011  4.017           0.074           0               4.844           8.661           12.835          5.018           2.809           0.543           0.114           10              
2012  5.983           0.112           17.083          12.274          9.515           4.835           3.02            1.641           0.587           0.017           10              
2013  9.595           0.136           5.853           39.621          6.063           5.95            3.327           2.148           0.435           0.213           10              
2014  13.264          0.075           1               12.211          39.162          14.313          10.448          5.997           3.441           1.199           10              
2015  7.278           0.092           0               2.17            7.371           35.113          7.113           3.292           2.151           1.341           10              
2016  13.421          0.125           26.987          14.228          2.708           4.924           18.372          2.253           1.207           1.081           10              
2017  15.92           0.117           8.272           30.761          4.537           2.645           3.066           8.234           0.581           0.167           10              
2018  11.85           0.094           5.94            15.398          28.412          5.346           1.788           2.316           5.459           0.456           10              
2019  5.677           0.126           0               3.296           8.002           17.708          4.136           1.826           1.25            3.255           10              
2020  -999            1               0               0               0               0               0               0               0               0               0               
2021  11.58           0.069           8.365           20.386          22.143          5.467           5.523           11.339          1.6             2.593           10              
2022  0               0               0               0               0               0               0               0               0               0               0               
2023  0               0               0               0               0               0               0               0               0               0               0               
2024  0               0               0               0               0               0               0               0               0               0               0               
# Index-14 Data 
1989  -999            1               0               0               0               0               0               0               0               0               0               
1990  -999            1               0               0               0               0               0               0               0               0               0               
1991  0.049           0.715           0               1               0               0               0               0               0               0               10              
1992  1.033           0.563           0               6.295           0.701           0.004           0               0               0               0               10              
1993  0.021           1.111           0               0.104           0.857           0.039           0               0               0               0               10              
1994  0.149           0.547           0               0.667           1.333           0.5             0.5             0               0               0               10              
1995  0.563           0.694           1.737           1.473           0.79            0               0               0               0               0               10              
1996  0.06            0.518           0               0.605           0.395           0               0               0               0               0               10              
1997  -999            1               0               0               0               0               0               0               0               0               0               
1998  -999            1               0               0               0               0               0               0               0               0               0               
1999  0.258           0.613           2.917           0.583           0               0               0.5             0               0               0               10              
2000  0.647           0.446           4               1               0.004           0.397           0.35            0.189           0               0.061           10              
2001  0.151           0.535           0               0.333           1.367           0.1             0.1             0.1             0               0               10              
2002  3.009           0.402           16.69           3.084           3.372           4.574           0.363           0               0               0               10              
2003  1.378           0.346           0               3.702           6.786           8.6             3.096           0.417           0.4             0               10              
2004  1.621           0.425           0               1.759           6.413           1.886           3.507           2.647           0               0.277           10              
2005  0.162           0.548           0               0.333           0               0.667           0               1.333           0.667           0               10              
2006  0.444           0.236           6.75            0.75            0.417           0.583           0.5             0               0               0               10              
2007  0.448           0.45            0.881           4.048           2.083           0.571           0.833           0               0.333           0.25            10              
2008  4.49            0.762           15.167          6.041           8.709           5.044           1.496           1.06            0.355           0.167           10              
2009  1.006           0.983           4.024           1.028           4.073           6.949           2.155           0.366           0.083           0.105           10              
2010  0.887           0.253           2.5             1.191           5.227           3.148           0.661           0.273           0               0               10              
2011  0.825           0.903           2.667           3.829           1.829           1.82            0.631           0.932           0.292           0               10              
2012  32.726          0.703           275.232         40.196          1.867           2.468           4.708           2.07            1.249           0.421           10              
2013  6.803           0.353           4.534           39.299          6.368           6.379           3.303           3.102           0.848           0.91            10              
2014  4.224           0.376           2               9.384           14.101          4.377           3.062           2.109           1.129           0.23            10              
2015  4.623           0.378           0.154           3.965           2.942           10.101          3.482           1.451           0.481           0.22            10              
2016  11.441          0.313           58.538          5.175           1.014           2.925           14.795          1.454           1.093           0.725           10              
2017  7.241           0.384           7.75            23.821          1.401           1.335           2.598           8.295           0.461           0.125           10              
2018  8.525           0.244           1.159           9.408           17.615          3.648           1.523           2.908           10.251          1.084           10              
2019  5.191           0.228           15.047          2.51            5.465           14.584          2.904           1.569           1.553           4.625           10              
2020  3.158           0.161           17.674          10.908          0.564           1.747           6.369           2.123           1.289           1.891           10              
2021  1.15            0.801           4.863           5.015           1.776           0.451           0.703           1.79            0.174           0.227           10              
2022  0               0               0               0               0               0               0               0               0               0               0               
2023  0               0               0               0               0               0               0               0               0               0               0               
2024  0               0               0               0               0               0               0               0               0               0               0               
# Index-15 Data 
1989  -999            1               0               0               0               0               0               0               0               0               0               
1990  0.061           0.538           0               0               6               0               0               0               0               0               0               
1991  0.154           0.391           0.782           3.576           0               0               0               0               0               0               10              
1992  0.015           0.998           0               2               0               0               0               0               0               0               10              
1993  0.041           0.44            0               0               0               0.393           0               0.607           0               0               10              
1994  0.052           0.375           0.25            0.205           2.443           0.1             0.002           0               0               0               10              
1995  0.008           1.051           0.909           0.091           0               0               0               0               0               0               10              
1996  0.041           0.422           1.186           1.656           0.158           0               0               0               0               0               10              
1997  0.031           0.707           0.174           3.823           0.002           0               0               0               0               0               10              
1998  0.076           0.549           0.077           1.878           1.031           3.26            0.272           2.136           0               0.345           10              
1999  0.274           0.395           10.728          3.361           0.829           0.429           0.143           0               0               0               10              
2000  0.173           0.335           6.982           3.464           0.777           1.055           0.528           0               0               0               10              
2001  0.519           0.285           0               2.347           10.336          3.332           1.689           0.713           0               0.5             10              
2002  1.159           0.225           17.258          6.64            4.004           8.292           0.93            2.244           0               0               10              
2003  0.222           0.554           0               2.284           2.869           1.969           0.65            0               0               0               10              
2004  0.627           0.537           0               1               2.154           0.797           1.695           1.077           0               0.277           10              
2005  0.146           0.29            1               1               1.1             3.631           1.938           1.435           0.417           0               10              
2006  0.241           0.296           4.917           1.083           0               0               1               0               0               0               10              
2007  0.412           0.338           10.963          5.334           4.351           3.079           2.283           1.073           1.424           0               10              
2008  1.153           0.44            12.485          4.952           3.823           1.327           0.526           0.285           0.049           0               10              
2009  0.283           0.336           7.56            3.163           1.455           1.602           0.166           0.019           0               0               10              
2010  -999            1               0               0               0               0               0               0               0               0               0               
2011  0.254           0.264           0.167           6.403           6.702           7.656           1.68            0.506           0.087           0               10              
2012  1.658           0.227           15.625          7.285           5.699           8.229           8.118           4.185           1.821           0.429           10              
2013  1.111           0.23            5.289           18.759          5.449           11.275          9.409           5.871           1.287           0.998           10              
2014  1.558           0.24            1.514           8.303           18.886          7.978           5.372           3.11            1.277           0.434           10              
2015  0.718           0.257           0.03            2.368           5.596           15.753          3.919           1.407           1.244           1.744           10              
2016  1.371           0.224           13.722          10.881          2.229           3.629           15.354          1.748           0.962           0.375           10              
2017  1.179           0.289           7.649           18.725          1.593           1.605           3.486           13.059          1.126           0.329           10              
2018  1.368           0.218           1.025           6.899           13.631          4.178           1.442           2.325           9.187           1.527           10              
2019  1.933           0.2             14.228          3.592           4.472           13.878          3.789           2.053           2.129           8.806           10              
2020  -999            1               0               0               0               0               0               0               0               0               0               
2021  1.872           0.227           6.06            13.226          11.268          3.128           6.849           16.302          3.498           6.9             10              
2022  0               0               0               0               0               0               0               0               0               0               0               
2023  0               0               0               0               0               0               0               0               0               0               0               
2024  0               0               0               0               0               0               0               0               0               0               0               
# Phase Control
# Phase for F mult in 1st Year
1
# Phase for F mult Deviations
3
# Phase for Recruitment Deviations
4
# Phase for N in 1st Year
2
# Phase for Catchability in 1st Year
1
# Phase for Catchability Deviations
-7
# Phase for Stock Recruitment Relationship
1
# Phase for Steepness
-1
# Recruitment CV by Year
1.0000
1.0000
1.0000
1.0000
1.0000
1.0000
1.0000
1.0000
1.0000
1.0000
1.0000
1.0000
1.0000
1.0000
1.0000
1.0000
1.0000
1.0000
1.0000
1.0000
1.0000
1.0000
1.0000
1.0000
1.0000
1.0000
1.0000
1.0000
1.0000
1.0000
1.0000
1.0000
1.0000
1.0000
1.0000
1.0000
# Lambdas by Index
1.000000  1.000000  1.000000  1.000000  1.000000  1.000000  1.000000  1.000000  1.000000  1.000000  1.000000  1.000000  1.000000  1.000000  1.000000  
# Lambda for Total Catch in Weight by Fleet
1.000000  1.000000  
# Lambda for Total Discards at Age by Fleet
0.000000  0.000000  
# Catch Total CV by Year and Fleet
0.05         0.1          
0.05         0.1          
0.05         0.1          
0.05         0.1          
0.05         0.1          
0.05         0.1          
0.05         0.1          
0.05         0.1          
0.05         0.1          
0.05         0.1          
0.05         0.1          
0.05         0.1          
0.05         0.1          
0.05         0.1          
0.05         0.1          
0.05         0.1          
0.05         0.1          
0.05         0.1          
0.05         0.1          
0.05         0.1          
0.05         0.1          
0.05         0.1          
0.05         0.1          
0.05         0.1          
0.05         0.1          
0.05         0.1          
0.05         0.15         
0.05         0.2          
0.05         0.15         
0.05         0.15         
0.05         0.1          
0.05         0.1          
0.05         0.1          
0.05         0.1          
0.05         0.1          
0.05         0.1          
# Discard Total CV by Year and Fleet
0            0            
0            0            
0            0            
0            0            
0            0            
0            0            
0            0            
0            0            
0            0            
0            0            
0            0            
0            0            
0            0            
0            0            
0            0            
0            0            
0            0            
0            0            
0            0            
0            0            
0            0            
0            0            
0            0            
0            0            
0            0            
0            0            
0            0            
0            0            
0            0            
0            0            
0            0            
0            0            
0            0            
0            0            
0            0            
0            0            
# Catch Effective Sample Size by Year and Fleet
50           50           
50           50           
50           50           
50           50           
50           50           
50           50           
50           50           
50           50           
50           50           
50           50           
50           50           
50           50           
50           50           
50           50           
50           50           
50           50           
50           50           
50           50           
50           50           
50           50           
50           50           
50           50           
50           50           
50           50           
50           50           
50           50           
50           50           
50           50           
100          50           
50           50           
25           10           
25           10           
25           10           
25           10           
25           10           
25           10           
# Discard Effective Sample Size by Year and Fleet
0            0            
0            0            
0            0            
0            0            
0            0            
0            0            
0            0            
0            0            
0            0            
0            0            
0            0            
0            0            
0            0            
0            0            
0            0            
0            0            
0            0            
0            0            
0            0            
0            0            
0            0            
0            0            
0            0            
0            0            
0            0            
0            0            
0            0            
0            0            
0            0            
0            0            
0            0            
0            0            
0            0            
0            0            
0            0            
0            0            
# Lambda for F Mult in First year by Fleet
0.000000  0.000000  
# CV for F Mult in First year by Fleet
0.900000  0.900000  
# Lambda for F Mult Deviations by Fleet
0.000000  0.000000  
# CV for F Mult Deviations by Fleet
0.900000  0.900000  
# Lambda for N in 1st Year Deviations
0.000000
# CV for N in 1st Year Deviations
0.1000
# Lambda for Recruitment Deviations
1.000000
# Lambda for Catchability in First year by Index
0.000000  0.000000  0.000000  0.000000  0.000000  0.000000  0.000000  0.000000  0.000000  0.000000  0.000000  0.000000  0.000000  0.000000  0.000000  
# CV for Catchability in First year by Index
0.900000  0.900000  0.900000  0.900000  0.900000  0.900000  0.900000  0.900000  0.900000  0.900000  0.900000  0.900000  0.900000  0.900000  0.900000  
# Lambda for Catchability Deviations by Index
0.000000  0.000000  0.000000  0.000000  0.000000  0.000000  0.000000  0.000000  0.000000  0.000000  0.000000  0.000000  0.000000  0.000000  0.000000  
# CV for Catchability Deviations by Index
0.900000  0.900000  0.900000  0.900000  0.900000  0.900000  0.900000  0.900000  0.900000  0.900000  0.900000  0.900000  0.900000  0.900000  0.900000  
# Lambda for Deviation from Initial Steepness
0.000000
# CV for Deviation from Initial Steepness
0.100000
# Lambda for Deviation from Unexploited Stock Size
0.000000
# CV for Deviation from Unexploited Stock Size
0.100000
# NAA Deviations Flag
1
# Initial Numbers at Age in 1st Year
45000.000000  16000.000000  8300.000000  5600.000000  2500.000000  400.000000  370.000000  100.000000  
# Initial F Mult in 1st Year by Fleet
0.300000  0.300000  
# Initial Catchabilty by Index
1.000000e-006  1.000000e-006  1.000000e-006  1.000000e-006  1.000000e-006  1.000000e-006  1.000000e-006  1.000000e-006  1.000000e-006  1.000000e-006  1.000000e-006  1.000000e-006  1.000000e-006  1.000000e-006  1.000000e-006  
# Stock Recruitment Flag
0
# Initial Unexploited Stock
5.000000e+006
# Initial Steepness
1.000000e+000
# Maximum F
5.0000
# Ignore Guesses (Yes=1)
0
# Projection Control
# Do Projections (Yes=1)
0
# Fleet Directed Flag
1  1  
# Final Year in Projection
2025
# Projection Data by Year
2025     -1         3     -99        1          
# Do MCMC (Yes=1)
1
# MCMC Year Option
1
# MCMC Iterations
1000
# MCMC Thinning Factor
200
# MCMC Random Seed
11151956
# Agepro R Option
2
# Agepro R Option Start Year
2000
# Agepro R Option End Year
2024
# Export R Flag
1
# Test Value
-23456
######
###### FINIS ######
# Fleet Names
#$Commercial
#$Recreational
# Survey Names
#$NEFSC Spring Alb
#$NEAMAP Spring
#$MADMF Spring
#$RI Spring
#$CT Spring
#$NY
#$NEFSC winter
#$REC CPA
#$Bigelow
#$VAST Spring
#$VAST Fall
#$NEAMAP fall
#$MA fall
#$RI Fall
#$CT fall
#
