# ASAP VERSION 3.0
# South Run #9: RecCPA and VAST Spring only (note that RecCPA still has super low CVs)
#
# ASAP GUI 15 AUG 2012
#
# Number of Years
36
# First Year
1989
# Number of Ages
8
# Number of Fleets
2
# Number of Sensitivity Blocks
4
# Number of Available Survey Indices
12
# Natural Mortality
0.4        0.4        0.4        0.4        0.4        0.4        0.4        0.4        
0.4        0.4        0.4        0.4        0.4        0.4        0.4        0.4        
0.4        0.4        0.4        0.4        0.4        0.4        0.4        0.4        
0.4        0.4        0.4        0.4        0.4        0.4        0.4        0.4        
0.4        0.4        0.4        0.4        0.4        0.4        0.4        0.4        
0.4        0.4        0.4        0.4        0.4        0.4        0.4        0.4        
0.4        0.4        0.4        0.4        0.4        0.4        0.4        0.4        
0.4        0.4        0.4        0.4        0.4        0.4        0.4        0.4        
0.4        0.4        0.4        0.4        0.4        0.4        0.4        0.4        
0.4        0.4        0.4        0.4        0.4        0.4        0.4        0.4        
0.4        0.4        0.4        0.4        0.4        0.4        0.4        0.4        
0.4        0.4        0.4        0.4        0.4        0.4        0.4        0.4        
0.4        0.4        0.4        0.4        0.4        0.4        0.4        0.4        
0.4        0.4        0.4        0.4        0.4        0.4        0.4        0.4        
0.4        0.4        0.4        0.4        0.4        0.4        0.4        0.4        
0.4        0.4        0.4        0.4        0.4        0.4        0.4        0.4        
0.4        0.4        0.4        0.4        0.4        0.4        0.4        0.4        
0.4        0.4        0.4        0.4        0.4        0.4        0.4        0.4        
0.4        0.4        0.4        0.4        0.4        0.4        0.4        0.4        
0.4        0.4        0.4        0.4        0.4        0.4        0.4        0.4        
0.4        0.4        0.4        0.4        0.4        0.4        0.4        0.4        
0.4        0.4        0.4        0.4        0.4        0.4        0.4        0.4        
0.4        0.4        0.4        0.4        0.4        0.4        0.4        0.4        
0.4        0.4        0.4        0.4        0.4        0.4        0.4        0.4        
0.4        0.4        0.4        0.4        0.4        0.4        0.4        0.4        
0.4        0.4        0.4        0.4        0.4        0.4        0.4        0.4        
0.4        0.4        0.4        0.4        0.4        0.4        0.4        0.4        
0.4        0.4        0.4        0.4        0.4        0.4        0.4        0.4        
0.4        0.4        0.4        0.4        0.4        0.4        0.4        0.4        
0.4        0.4        0.4        0.4        0.4        0.4        0.4        0.4        
0.4        0.4        0.4        0.4        0.4        0.4        0.4        0.4        
0.4        0.4        0.4        0.4        0.4        0.4        0.4        0.4        
0.4        0.4        0.4        0.4        0.4        0.4        0.4        0.4        
0.4        0.4        0.4        0.4        0.4        0.4        0.4        0.4        
0.4        0.4        0.4        0.4        0.4        0.4        0.4        0.4        
0.4        0.4        0.4        0.4        0.4        0.4        0.4        0.4        
# Fecundity Option
0
# Fraction of year that elapses prior to SSB calculation (0=Jan-1)
0.5
# Maturity
0          0.4719711  0.8177458  0.953125   0.972973   1          1          1          
0          0.4719711  0.8177458  0.953125   0.972973   1          1          1          
0          0.4719711  0.8177458  0.953125   0.972973   1          1          1          
0          0.4719711  0.8177458  0.953125   0.972973   1          1          1          
0          0.4719711  0.8177458  0.953125   0.972973   1          1          1          
0          0.4719711  0.8177458  0.953125   0.972973   1          1          1          
0          0.4719711  0.8177458  0.953125   0.972973   1          1          1          
0          0.4719711  0.8177458  0.953125   0.972973   1          1          1          
0          0.4719711  0.8177458  0.953125   0.972973   1          1          1          
0          0.4719711  0.8177458  0.953125   0.972973   1          1          1          
0          0.4719711  0.8177458  0.953125   0.972973   1          1          1          
0.004454343 0.5123967  0.9368576  0.9788136  0.9958333  1          1          1          
0.004454343 0.5123967  0.9368576  0.9788136  0.9958333  1          1          1          
0.004454343 0.5123967  0.9368576  0.9788136  0.9958333  1          1          1          
0.004454343 0.5123967  0.9368576  0.9788136  0.9958333  1          1          1          
0.004454343 0.5123967  0.9368576  0.9788136  0.9958333  1          1          1          
0.004454343 0.5123967  0.9368576  0.9788136  0.9958333  1          1          1          
0.004454343 0.5123967  0.9368576  0.9788136  0.9958333  1          1          1          
0.004454343 0.5123967  0.9368576  0.9788136  0.9958333  1          1          1          
0.004454343 0.5123967  0.9368576  0.9788136  0.9958333  1          1          1          
0.004454343 0.5123967  0.9368576  0.9788136  0.9958333  1          1          1          
0.004454343 0.5123967  0.9368576  0.9788136  0.9958333  1          1          1          
0          0.33126935 0.791262136 0.969604863 0.972067039 1          1          1          
0          0.33126935 0.791262136 0.969604863 0.972067039 1          1          1          
0          0.33126935 0.791262136 0.969604863 0.972067039 1          1          1          
0          0.33126935 0.791262136 0.969604863 0.972067039 1          1          1          
0          0.33126935 0.791262136 0.969604863 0.972067039 1          1          1          
0          0.33126935 0.791262136 0.969604863 0.972067039 1          1          1          
0          0.33126935 0.791262136 0.969604863 0.972067039 1          1          1          
0          0.33126935 0.791262136 0.969604863 0.972067039 1          1          1          
0          0.33126935 0.791262136 0.969604863 0.972067039 1          1          1          
0          0.33126935 0.791262136 0.969604863 0.972067039 1          1          1          
0          0.33126935 0.791262136 0.969604863 0.972067039 1          1          1          
0          0.33126935 0.791262136 0.969604863 0.972067039 1          1          1          
0          0.33126935 0.791262136 0.969604863 0.972067039 1          1          1          
0          0.33126935 0.791262136 0.969604863 0.972067039 1          1          1          
# Number of Weights at Age Matrices
4
# Weight Matrix - 1
0.034           0.169           0.313           0.546           0.936           1.104           1.583           1.774           
0.071           0.174           0.31            0.446           0.901           1.406           1.739           1.895           
0.092           0.172           0.309           0.557           0.433           1.729           1.93            1.941           
0.049           0.176           0.279           0.569           1.024           1.152           1.759           1.765           
0.124           0.21            0.27            0.631           0.85            1.482           1.514           2.02            
0.117           0.19            0.236           0.338           0.778           1.262           1.294           2.126           
0.148           0.221           0.351           0.569           0.839           1.082           1.19            1.114           
0.137           0.175           0.312           0.437           0.547           0.863           0.754           1.612           
0.086           0.235           0.5             1.266           0.585           0.89            1.03            1.309           
0.178           0.226           0.363           0.525           0.495           1.012           1.137           1.524           
0.197           0.308           0.413           0.544           0.831           1.231           1.256           1.512           
0.168           0.317           0.485           0.791           1.083           1.133           1.422           1.596           
0.095           0.288           0.452           0.657           0.952           1.192           1.414           1.944           
0.059           0.272           0.427           0.738           0.929           1.294           1.701           1.269           
0.024           0.134           0.411           0.544           0.801           0.884           1.21            1.442           
0.101           0.215           0.351           0.565           0.728           1.419           1.051           1.03            
0.111           0.301           0.377           0.529           0.823           1.108           1.665           1.873           
0.128           0.321           0.412           0.512           0.668           1.061           2.218           2.756           
0.2             0.307           0.448           0.527           0.788           0.814           1.014           1.614           
0.114           0.299           0.372           0.574           0.728           0.875           1.188           1.865           
0.12            0.222           0.364           0.58            0.838           0.965           1.127           1.572           
0.101           0.232           0.37            0.49            0.781           0.998           1.089           1.517           
0.127           0.191           0.304           0.431           0.655           1.142           0.962           1.873           
0.094           0.189           0.337           0.398           0.566           0.804           1.294           1.45            
0.101           0.182           0.355           0.443           0.624           0.94            1.454           1.668           
0.134           0.183           0.393           0.562           0.822           1.111           1.238           2.172           
0.078           0.246           0.384           0.58            0.847           1.083           1.45            1.916           
0.092           0.227           0.35            0.415           0.698           0.793           1.252           1.649           
0.102           0.145           0.38            0.52            0.772           0.99            1.331           1.646           
0.124           0.205           0.365           0.47            0.632           0.933           1.127           1.445           
0.066           0.176           0.344           0.48            0.625           0.867           1.005           1.082           
0.112           0.167           0.309           0.453           0.64            0.724           0.914           1.35            
0.09            0.118           0.344           0.467           0.598           0.692           0.802           1.224           
0.067           0.114           0.195           0.263           0.279           0.342           0.638           1.428           
0.085           0.141           0.21            0.272           0.331           0.608           0.579           0.571           
0.062           0.115           0.208           0.258           0.33            0.66            0.839           0.922           
# Weight Matrix - 2
0.054           0.19            0.37            0.543           1.002           1.1             1.453           1.564           
0.066           0.179           0.374           0.502           0.922           1.508           1.67            1.758           
0.069           0.156           0.378           0.649           0.435           1.708           2.539           1.908           
0.074           0.19            0.36            0.613           0.928           1.089           1.775           1.889           
0.092           0.222           0.385           0.603           0.862           1.468           1.397           1.975           
0.093           0.287           0.326           0.433           0.858           1.244           1.249           1.831           
0.118           0.214           0.419           0.762           0.974           1.203           1.306           1.044           
0.143           0.263           0.514           0.73            0.796           1.117           0.848           2.212           
0.06            0.237           0.546           1.118           0.718           1.035           1.106           1.46            
0.122           0.182           0.412           0.563           0.425           1.029           1.157           1.41            
0.123           0.31            0.5             0.737           0.969           0.954           1.169           1.457           
0.123           0.337           0.525           0.775           1.056           0.787           1.163           1.472           
0.143           0.286           0.452           0.919           1.139           1.238           0.976           1.773           
0.1             0.275           0.378           0.653           0.819           1.31            1.453           1.22            
0.108           0.132           0.37            0.529           0.701           0.881           1.187           1.289           
0.122           0.232           0.38            0.6             0.671           0.935           0.848           0.826           
0.109           0.272           0.334           0.611           0.8             0.911           1.309           1.787           
0.122           0.272           0.363           0.548           0.62            0.788           2.5             3.322           
0.123           0.245           0.436           0.618           0.898           0.83            1.032           1.057           
0.123           0.257           0.377           0.553           0.653           0.796           1.094           1.84            
0.111           0.209           0.379           0.638           0.78            0.944           1.036           1.118           
0.124           0.224           0.376           0.442           0.614           0.702           1.015           1.495           
0.132           0.218           0.324           0.467           0.732           1.254           0.872           1.836           
0.094           0.171           0.313           0.398           0.543           0.827           1.37            1.389           
0.09            0.162           0.307           0.417           0.555           0.914           1.263           1.557           
0.118           0.209           0.369           0.527           0.716           0.79            0.829           1.676           
0.089           0.225           0.346           0.535           0.738           1.074           1.01            1.943           
0.079           0.197           0.325           0.443           0.656           0.734           1.309           1.496           
0.09            0.175           0.38            0.512           0.699           0.93            1.039           1.447           
0.112           0.193           0.357           0.511           0.653           0.879           0.974           1.823           
0.071           0.181           0.343           0.476           0.565           0.805           0.954           1.303           
0.091           0.196           0.321           0.433           0.618           0.719           0.881           1.595           
0.078           0.182           0.322           0.459           0.603           0.718           0.79            1.159           
0.062           0.15            0.3             0.44            0.513           0.645           0.782           0.84            
0.073           0.173           0.299           0.45            0.615           0.804           0.896           0.898           
0.053           0.128           0.266           0.366           0.497           0.613           0.695           0.914           
# Weight Matrix - 3
0.054           0.19            0.37            0.543           1.002           1.1             1.453           1.564           
0.066           0.179           0.374           0.502           0.922           1.508           1.67            1.758           
0.069           0.156           0.378           0.649           0.435           1.708           2.539           1.908           
0.074           0.19            0.36            0.613           0.928           1.089           1.775           1.889           
0.092           0.222           0.385           0.603           0.862           1.468           1.397           1.975           
0.093           0.287           0.326           0.433           0.858           1.244           1.249           1.831           
0.118           0.214           0.419           0.762           0.974           1.203           1.306           1.044           
0.143           0.263           0.514           0.73            0.796           1.117           0.848           2.212           
0.06            0.237           0.546           1.118           0.718           1.035           1.106           1.46            
0.122           0.182           0.412           0.563           0.425           1.029           1.157           1.41            
0.123           0.31            0.5             0.737           0.969           0.954           1.169           1.457           
0.123           0.337           0.525           0.775           1.056           0.787           1.163           1.472           
0.143           0.286           0.452           0.919           1.139           1.238           0.976           1.773           
0.1             0.275           0.378           0.653           0.819           1.31            1.453           1.22            
0.108           0.132           0.37            0.529           0.701           0.881           1.187           1.289           
0.122           0.232           0.38            0.6             0.671           0.935           0.848           0.826           
0.109           0.272           0.334           0.611           0.8             0.911           1.309           1.787           
0.122           0.272           0.363           0.548           0.62            0.788           2.5             3.322           
0.123           0.245           0.436           0.618           0.898           0.83            1.032           1.057           
0.123           0.257           0.377           0.553           0.653           0.796           1.094           1.84            
0.111           0.209           0.379           0.638           0.78            0.944           1.036           1.118           
0.124           0.224           0.376           0.442           0.614           0.702           1.015           1.495           
0.132           0.218           0.324           0.467           0.732           1.254           0.872           1.836           
0.094           0.171           0.313           0.398           0.543           0.827           1.37            1.389           
0.09            0.162           0.307           0.417           0.555           0.914           1.263           1.557           
0.118           0.209           0.369           0.527           0.716           0.79            0.829           1.676           
0.089           0.225           0.346           0.535           0.738           1.074           1.01            1.943           
0.079           0.197           0.325           0.443           0.656           0.734           1.309           1.496           
0.09            0.175           0.38            0.512           0.699           0.93            1.039           1.447           
0.112           0.193           0.357           0.511           0.653           0.879           0.974           1.823           
0.071           0.181           0.343           0.476           0.565           0.805           0.954           1.303           
0.091           0.196           0.321           0.433           0.618           0.719           0.881           1.595           
0.078           0.182           0.322           0.459           0.603           0.718           0.79            1.159           
0.062           0.15            0.3             0.44            0.513           0.645           0.782           0.84            
0.073           0.173           0.299           0.45            0.615           0.804           0.896           0.898           
0.053           0.128           0.266           0.366           0.497           0.613           0.695           0.914           
# Weight Matrix - 4
0.044           0.132           0.272           0.383           0.54            0.838           1.06            1.502           
0.072           0.113           0.23            0.37            0.485           0.749           0.991           1.601           
0.095           0.128           0.242           0.381           0.51            0.7             1.107           1.965           
0.093           0.139           0.228           0.385           0.559           0.71            0.982           1.705           
0.1             0.148           0.221           0.354           0.501           0.772           0.983           1.606           
0.079           0.161           0.244           0.365           0.481           0.733           1.025           1.39            
0.091           0.148           0.265           0.412           0.556           0.76            1.041           1.203           
0.115           0.142           0.264           0.459           0.608           0.829           1.071           1.348           
0.109           0.175           0.249           0.408           0.609           0.769           1.024           1.118           
0.109           0.178           0.267           0.403           0.56            0.732           0.977           1.293           
0.105           0.196           0.303           0.41            0.546           0.835           0.998           1.32            
0.076           0.179           0.32            0.497           0.592           0.816           1.173           1.513           
0.136           0.175           0.308           0.52            0.659           0.862           1.165           1.508           
0.09            0.212           0.326           0.522           0.726           0.854           1.208           1.42            
0.073           0.185           0.336           0.485           0.724           0.914           1.196           1.567           
0.075           0.156           0.318           0.494           0.634           0.898           1.204           1.572           
0.069           0.164           0.303           0.465           0.628           0.849           1.167           1.609           
0.065           0.173           0.306           0.457           0.613           0.811           1.192           1.693           
0.058           0.147           0.329           0.457           0.582           0.826           0.993           1.909           
0.081           0.171           0.323           0.473           0.641           0.762           1.201           1.451           
0.062           0.15            0.334           0.521           0.669           0.894           0.975           1.071           
0.073           0.162           0.273           0.424           0.61            0.929           1.243           1.474           
0.081           0.142           0.291           0.417           0.545           0.877           1.227           1.941           
0.061           0.158           0.271           0.406           0.528           0.803           1.221           1.663           
0.057           0.134           0.279           0.437           0.573           0.761           1.191           1.606           
0.067           0.142           0.274           0.451           0.595           0.8             1.174           1.432           
0.046           0.141           0.287           0.453           0.652           0.805           1.177           1.862           
0.044           0.154           0.284           0.434           0.655           0.934           1.112           1.758           
0.068           0.152           0.36            0.468           0.618           0.854           1.419           1.871           
0.046           0.141           0.328           0.479           0.616           0.814           0.985           1.644           
0.069           0.12            0.243           0.391           0.576           0.786           0.968           1.388           
0.069           0.12            0.243           0.391           0.576           0.786           0.968           1.388           
0.069           0.12            0.243           0.391           0.576           0.786           0.968           1.388           
0.069           0.12            0.243           0.391           0.576           0.786           0.968           1.388           
0.069           0.12            0.243           0.391           0.576           0.786           0.968           1.388           
0.069           0.12            0.243           0.391           0.576           0.786           0.968           1.388           
# Weights at Age Pointers
1
1
2
2
3
3
3
4
# Selectivity Block Assignment
# Fleet 1 Selectivity Block Assignment
1
1
1
1
1
1
1
1
1
3
3
3
3
3
3
3
3
3
3
3
3
3
3
3
3
3
3
3
3
3
3
3
3
3
3
3
# Fleet 2 Selectivity Block Assignment
2
2
2
2
2
2
2
2
2
2
2
2
2
2
2
2
2
2
2
2
4
4
4
4
4
4
4
4
4
4
4
4
4
4
4
4
# Selectivity Options for each block 1=by age, 2=logisitic, 3=double logistic
2  2  2  2  
# Selectivity Block #1 Data 
0.05            3               0               0.5             
0.5             3               0               0.5             
0.75            3               0               0.5             
1               -3              0               0.5             
1               -3              0               0.5             
1               -3              0               0.5             
1               -3              0               0.5             
1               -3              0               0.5             
4               1               0               0               
0.5             1               0               0               
0               0               0               0               
0               0               0               0               
0               0               0               0               
0               0               0               0               
# Selectivity Block #2 Data 
0.05            3               0               0.5             
0.5             3               0               0.5             
0.75            3               0               0.5             
1               3               0               0.5             
1               -3              0               0.5             
1               -3              0               0.5             
1               -3              0               0.5             
1               -3              0               0.5             
4               1               0               0               
0.5             1               0               0               
0               0               0               0               
0               0               0               0               
0               0               0               0               
0               0               0               0               
# Selectivity Block #3 Data 
0.05            3               0               0.5             
0.5             3               0               0.5             
0.75            3               0               0.5             
1               3               0               0.5             
1               -3              0               0.5             
1               -3              0               0.5             
1               -3              0               0.5             
1               -3              0               0.5             
4               1               0               0               
0.5             1               0               0               
0               0               0               0               
0               0               0               0               
0               0               0               0               
0               0               0               0               
# Selectivity Block #4 Data 
0               0               0               0               
0               0               0               0               
0               0               0               0               
0               0               0               0               
0               0               0               0               
0               0               0               0               
0               0               0               0               
0               0               0               0               
4               1               0               0               
0.5             1               0               0               
0               0               0               0               
0               0               0               0               
0               0               0               0               
0               0               0               0               
# Fleet Start Age
1  1  
# Fleet End Age
8  8  
# Age Range for Average F
6  7
# Average F report option (1=unweighted, 2=Nweighted, 3=Bweighted)
1
# Use Likelihood constants? (1=yes)
0
# Release Mortality by Fleet
0.0  0.0  
# Catch Data
# Fleet-1 Catch Data
370573          1967024         895783          291728          0               42692           0               14811           858.7           
227164          1981312         1843774         208432          73232           0               9256            0               1105.7          
60298           2868984         762556          318055          78691           9694            393             0               963             
377788          2909375         1540179         197010          87699           0               0               6559            1174.5          
109086          2495175         1601284         224753          0               34223           0               0               1163.7          
225597          677191          1637801         297820          82704           12525           0               1446            724.6           
416553          1095208         752551          206934          30178           5762            0               1156            719.4           
1347819         3155847         1440770         343347          88136           49706           8562            12674           1455.6          
844             2289611         585833          75590           0               0               0               0               927.6           
105835          1131365         1095257         366129          56841           49312           0               18930           970.4           
36109           716573          767118          317520          82022           42252           0               0               841.2           
28190           655340          476346          295224          55640           23729           0               5884            773.5           
33146           375580          765167          181097          47131           49384           19810           5285            718.4           
100087          254757          685545          503381          46769           15312           15622           3624            838.2           
20920           285297          437937          662000          363575          30037           22173           0               923.3           
392329          405306          632033          293915          527756          141029          6062            24709           1131.1          
17826           359771          361873          419511          193326          126506          26844           9037            829.8           
7410            362625          274129          335071          302234          62545           12389           646             699.6           
59125           322999          340508          172986          64964           59391           31413           8040            499.6           
56493           271498          455384          186559          67060           43192           24876           13785           506.3           
43031           144011          310487          190955          30714           17142           5340            12884           331.2           
45977           122300          262935          295333          123849          27392           4145            11857           421.7           
159429          209151          297545          449137          149923          37137           2619            7414            504.9           
63700           45334           230987          216118          189736          45558           12619           2636            342.8           
54136           67455           192007          332055          194535          82828           26563           7453            483.6           
47613           110804          461725          156018          107209          62589           21183           3074            486.5           
32174           90089           185925          376962          64598           21335           8821            6236            417.4           
58858           55309           144865          173560          185351          6248            13559           10673           309.6           
7412            81143           221120          158566          67839           115269          10099           5132            367.5           
5880            104086          277997          152757          52873           21072           40561           4409            300.5           
202368          112863          403003          321594          131479          37121           25497           42398           513.1           
425174          400170          184362          349670          236752          58594           23140           29227           583.3           
5460            129398          439718          267211          222760          254187          38069           54209           695.1           
15755           111307          205465          334067          309932          165449          108228          32951           636.5           
23426           101159          284893          475301          174303          102356          33110           64070           600.6           
39508           118374          317143          297534          315801          209846          43638           107212          660.2           
# Fleet-2 Catch Data
854482          3549632         1367725         264624          0               80148           0               20521           1782.8          
1976934         2199041         1342189         220489          171922          0               11250           0               1663.8          
710672          4050574         1306430         725297          181408          44207           23348           0               2167.2          
562600          3098815         1315124         416646          165024          0               0               15865           1745.1          
760109          4722749         1698325         348688          0               41529           0               0               2467.9          
1295718         696332          1642567         586216          250855          61009           0               2863            1696.5          
3708881         2294027         1517915         471900          110919          23275           0               3983            2501.1          
2742943         2335709         1263330         541779          235095          445894          42576           210929          3657.4          
311212          4389350         2534195         121617          0               0               0               0               2876.9          
418166          937527          630716          286276          31426           90625           0               9057            865.7           
1208983         544385          534654          246613          115996          30090           0               0               986.8           
2898950         2130420         690373          388967          76393           28003           0               10841           2035.3          
134411          2643436         2142753         563944          176053          97458           18909           11160           2606.1          
385967          1814590         2513542         1016567         76939           26467           9219            2565            2362.4          
0               1270720         1263748         1527403         878505          76308           52493           0               2300            
199270          798596          1243203         364309          502948          68424           3310            18113           1388.8          
120009          995599          669650          441277          296316          161157          23808           772             1211.8          
371345          775931          392315          349239          342233          68534           450             514             905.3           
524546          721200          503598          279571          173312          84940           119368          24460           1082.4          
1023507         1358748         743659          526111          197166          97731           46400           22232           1386.9          
487260          1105375         1086974         856514          159998          106941          26773           45366           1565.1          
513205          1117386         1254386         1274466         365142          80182           6974            27188           1718.3          
257601          323075          321791          491900          182787          49726           2482            7963            665.3           
669335          499312          772915          731657          794356          225748          61178           7677            1434.7          
648598          317198          428918          746974          415969          160401          26056           292             1035            
264552          338906          962313          280359          140229          75458           14937           0               824.9           
281875          494208          339552          486345          74219           18693           4790            1553            635             
693514          352181          341965          408896          473548          8421            16923           22697           830.7           
456533          623983          1133293         752902          284604          359565          13647           15528           1576.3          
226591          603612          828543          527046          252778          88547           148248          21806           1158.1          
446094          263934          857986          672619          241421          49986           19338           73482           1076.2          
378515          540891          483397          776551          457270          107555          37956           178209          1423.2          
394657          718986          1550033         854937          726522          890785          134078          178957          2519.5          
221917          446898          823433          1197591         992127          546849          316231          71581           2053.4          
526325          519245          910727          1787777         693648          396634          117242          288861          2340.7          
126575          391763          788595          676145          730168          432253          99752           149804          1382.9          
# Discards
# Fleet-1 Discards Data
0               0               0               0               0               0               0               0               0               
0               0               0               0               0               0               0               0               0               
0               0               0               0               0               0               0               0               0               
0               0               0               0               0               0               0               0               0               
0               0               0               0               0               0               0               0               0               
0               0               0               0               0               0               0               0               0               
0               0               0               0               0               0               0               0               0               
0               0               0               0               0               0               0               0               0               
0               0               0               0               0               0               0               0               0               
0               0               0               0               0               0               0               0               0               
0               0               0               0               0               0               0               0               0               
0               0               0               0               0               0               0               0               0               
0               0               0               0               0               0               0               0               0               
0               0               0               0               0               0               0               0               0               
0               0               0               0               0               0               0               0               0               
0               0               0               0               0               0               0               0               0               
0               0               0               0               0               0               0               0               0               
0               0               0               0               0               0               0               0               0               
0               0               0               0               0               0               0               0               0               
0               0               0               0               0               0               0               0               0               
0               0               0               0               0               0               0               0               0               
0               0               0               0               0               0               0               0               0               
0               0               0               0               0               0               0               0               0               
0               0               0               0               0               0               0               0               0               
0               0               0               0               0               0               0               0               0               
0               0               0               0               0               0               0               0               0               
0               0               0               0               0               0               0               0               0               
0               0               0               0               0               0               0               0               0               
0               0               0               0               0               0               0               0               0               
0               0               0               0               0               0               0               0               0               
0               0               0               0               0               0               0               0               0               
0               0               0               0               0               0               0               0               0               
0               0               0               0               0               0               0               0               0               
0               0               0               0               0               0               0               0               0               
0               0               0               0               0               0               0               0               0               
0               0               0               0               0               0               0               0               0               
# Fleet-2 Discards Data
0               0               0               0               0               0               0               0               0               
0               0               0               0               0               0               0               0               0               
0               0               0               0               0               0               0               0               0               
0               0               0               0               0               0               0               0               0               
0               0               0               0               0               0               0               0               0               
0               0               0               0               0               0               0               0               0               
0               0               0               0               0               0               0               0               0               
0               0               0               0               0               0               0               0               0               
0               0               0               0               0               0               0               0               0               
0               0               0               0               0               0               0               0               0               
0               0               0               0               0               0               0               0               0               
0               0               0               0               0               0               0               0               0               
0               0               0               0               0               0               0               0               0               
0               0               0               0               0               0               0               0               0               
0               0               0               0               0               0               0               0               0               
0               0               0               0               0               0               0               0               0               
0               0               0               0               0               0               0               0               0               
0               0               0               0               0               0               0               0               0               
0               0               0               0               0               0               0               0               0               
0               0               0               0               0               0               0               0               0               
0               0               0               0               0               0               0               0               0               
0               0               0               0               0               0               0               0               0               
0               0               0               0               0               0               0               0               0               
0               0               0               0               0               0               0               0               0               
0               0               0               0               0               0               0               0               0               
0               0               0               0               0               0               0               0               0               
0               0               0               0               0               0               0               0               0               
0               0               0               0               0               0               0               0               0               
0               0               0               0               0               0               0               0               0               
0               0               0               0               0               0               0               0               0               
0               0               0               0               0               0               0               0               0               
0               0               0               0               0               0               0               0               0               
0               0               0               0               0               0               0               0               0               
0               0               0               0               0               0               0               0               0               
0               0               0               0               0               0               0               0               0               
0               0               0               0               0               0               0               0               0               
# Release Proportion
# Fleet-1 Release Data
0               0               0               0               0               0               0               0               
0               0               0               0               0               0               0               0               
0               0               0               0               0               0               0               0               
0               0               0               0               0               0               0               0               
0               0               0               0               0               0               0               0               
0               0               0               0               0               0               0               0               
0               0               0               0               0               0               0               0               
0               0               0               0               0               0               0               0               
0               0               0               0               0               0               0               0               
0               0               0               0               0               0               0               0               
0               0               0               0               0               0               0               0               
0               0               0               0               0               0               0               0               
0               0               0               0               0               0               0               0               
0               0               0               0               0               0               0               0               
0               0               0               0               0               0               0               0               
0               0               0               0               0               0               0               0               
0               0               0               0               0               0               0               0               
0               0               0               0               0               0               0               0               
0               0               0               0               0               0               0               0               
0               0               0               0               0               0               0               0               
0               0               0               0               0               0               0               0               
0               0               0               0               0               0               0               0               
0               0               0               0               0               0               0               0               
0               0               0               0               0               0               0               0               
0               0               0               0               0               0               0               0               
0               0               0               0               0               0               0               0               
0               0               0               0               0               0               0               0               
0               0               0               0               0               0               0               0               
0               0               0               0               0               0               0               0               
0               0               0               0               0               0               0               0               
0               0               0               0               0               0               0               0               
0               0               0               0               0               0               0               0               
0               0               0               0               0               0               0               0               
0               0               0               0               0               0               0               0               
0               0               0               0               0               0               0               0               
0               0               0               0               0               0               0               0               
# Fleet-2 Release Data
0               0               0               0               0               0               0               0               
0               0               0               0               0               0               0               0               
0               0               0               0               0               0               0               0               
0               0               0               0               0               0               0               0               
0               0               0               0               0               0               0               0               
0               0               0               0               0               0               0               0               
0               0               0               0               0               0               0               0               
0               0               0               0               0               0               0               0               
0               0               0               0               0               0               0               0               
0               0               0               0               0               0               0               0               
0               0               0               0               0               0               0               0               
0               0               0               0               0               0               0               0               
0               0               0               0               0               0               0               0               
0               0               0               0               0               0               0               0               
0               0               0               0               0               0               0               0               
0               0               0               0               0               0               0               0               
0               0               0               0               0               0               0               0               
0               0               0               0               0               0               0               0               
0               0               0               0               0               0               0               0               
0               0               0               0               0               0               0               0               
0               0               0               0               0               0               0               0               
0               0               0               0               0               0               0               0               
0               0               0               0               0               0               0               0               
0               0               0               0               0               0               0               0               
0               0               0               0               0               0               0               0               
0               0               0               0               0               0               0               0               
0               0               0               0               0               0               0               0               
0               0               0               0               0               0               0               0               
0               0               0               0               0               0               0               0               
0               0               0               0               0               0               0               0               
0               0               0               0               0               0               0               0               
0               0               0               0               0               0               0               0               
0               0               0               0               0               0               0               0               
0               0               0               0               0               0               0               0               
0               0               0               0               0               0               0               0               
0               0               0               0               0               0               0               0               
# Survey Index Data
# Aggregate Index Units
2  2  2  2  2  2  2  2  2  2  2  2  
# Age Proportion Index Units
2  2  2  2  2  2  2  2  2  2  2  2  
# Weight at Age Matrix
1  1  1  1  1  1  1  1  1  1  1  1  
# Index Month
4  4  5  5  5  5  2  6  4  4  10  10  
# Index Selectivity Link to Fleet
-1  -1  -1  -1  -1  -1  -1  -2  -1  -1  -1  -1  
# Index Selectivity Options 1=by age, 2=logisitic, 3=double logistic
1  1  1  1  1  1  1  1  1  1  1  1  
# Index Start Age
1  1  1  1  1  1  1  1  1  1  1  1  
# Index End Age
8  1  8  1  1  1  8  8  8  8  8  1  
# Estimate Proportion (Yes=1)
0  0  0  0  0  0  0  1  0  1  0  0  
# Use Index (Yes=1)
0  0  0  0  0  0  0  1  0  1  0  0  
# Index-1 Selectivity Data 
0.05            3               0               0.2             
0.5             3               0               0.2             
1               3               0               0.2             
1               -3              0               0.2             
1               -3              0               0.2             
1               -3              0               0.2             
1               -3              0               0.2             
1               -3              0               0.2             
2               -1              0               1               
2               -3              0               1               
0               0               0               0               
0               0               0               0               
0               0               0               0               
0               0               0               0               
# Index-2 Selectivity Data 
1               -1              0               1               
0               -1              0               1               
0               -1              0               1               
0               -1              0               1               
0               -1              0               1               
0               -1              0               1               
0               -1              0               1               
0               -1              0               1               
0               0               0               0               
0               0               0               2               
0               0               0               0               
0               0               0               0               
0               0               0               0               
0               0               0               0               
# Index-3 Selectivity Data 
0.05            3               0               0.5             
0.5             3               0               0.5             
1               -3              0               0.5             
1               -3              0               0.5             
1               -3              0               0.5             
1               -3              0               0.5             
1               -3              0               0.5             
1               -3              0               0.5             
2               -1              0               1               
2               -3              0               1               
0               0               0               0               
0               0               0               0               
0               0               0               0               
0               0               0               0               
# Index-4 Selectivity Data 
1               -1              0               1               
0               -1              0               1               
0               -1              0               1               
0               -1              0               1               
0               -1              0               1               
0               -1              0               1               
0               -1              0               1               
0               -1              0               1               
0               0               0               0               
0               0               0               0               
0               0               0               0               
0               0               0               0               
0               0               0               0               
0               0               0               0               
# Index-5 Selectivity Data 
1               -1              0               1               
0               -1              0               1               
0               -1              0               1               
0               -1              0               1               
0               -1              0               1               
0               -1              0               1               
0               -1              0               1               
0               -1              0               1               
0               0               0               0               
0               0               0               0               
0               0               0               0               
0               0               0               0               
0               0               0               0               
0               0               0               0               
# Index-6 Selectivity Data 
1               -1              0               1               
0               -1              0               1               
0               -1              0               1               
0               -1              0               1               
0               -1              0               1               
0               -1              0               1               
0               -1              0               1               
0               -1              0               1               
0               0               0               0               
0               0               0               0               
0               0               0               0               
0               0               0               0               
0               0               0               0               
0               0               0               0               
# Index-7 Selectivity Data 
0.05            3               0               0.7             
0.5             3               0               0.7             
1               3               0               0.7             
1               -3              0               0.7             
1               -3              0               0.7             
1               -3              0               0.7             
1               -3              0               0.7             
1               -3              0               0.7             
2               -1              0               1               
2               -3              0               1               
0               0               0               0               
0               0               0               0               
0               0               0               0               
0               0               0               0               
# Index-8 Selectivity Data 
0.05            3               0               0.3             
1               3               0               0.3             
1               -3              0               0.3             
1               -3              0               0.3             
1               -3              0               0.3             
1               -3              0               0.3             
1               -3              0               0.3             
1               -3              0               0.3             
2               -1              0               1               
2               -3              0               1               
0               0               0               0               
0               0               0               0               
0               0               0               0               
0               0               0               0               
# Index-9 Selectivity Data 
0.05            3               0               0.2             
0.5             3               0               0.2             
1               3               0               0.2             
1               -3              0               0.2             
1               -3              0               0.2             
1               -3              0               0.2             
1               -3              0               0.2             
1               -3              0               0.2             
0               0               0               0               
0               0               0               0               
0               0               0               0               
0               0               0               0               
0               0               0               0               
0               0               0               0               
# Index-10 Selectivity Data 
0.05            3               0               0.2             
0.5             3               0               0.2             
1               3               0               0.2             
1               -3              0               0.2             
1               -3              0               0.2             
1               -3              0               0.2             
1               -3              0               0.2             
1               -3              0               0.2             
0               0               0               0               
0               0               0               0               
0               0               0               0               
0               0               0               0               
0               0               0               0               
0               0               0               0               
# Index-11 Selectivity Data 
0.05            3               0               0.2             
0.5             3               0               0.2             
1               3               0               0.2             
1               -3              0               0.2             
1               -3              0               0.2             
1               -3              0               0.2             
1               -3              0               0.2             
1               -3              0               0.2             
0               0               0               0               
0               0               0               0               
0               0               0               0               
0               0               0               0               
0               0               0               0               
0               0               0               0               
# Index-12 Selectivity Data 
1               -1              0               1               
0               -1              0               1               
0               -1              0               1               
0               -1              0               1               
0               -1              0               1               
0               -1              0               1               
0               -1              0               1               
0               -1              0               1               
0               0               0               0               
0               0               0               0               
0               0               0               0               
0               0               0               0               
0               0               0               0               
0               0               0               0               
# Index-1 Data 
1989  1.5648          0.2714          0               0               0               0               0               0               0               0               0               
1990  1.6588          0.4378          0               0               0               0               0               0               0               0               0               
1991  1.8642          0.3863          0               0               0               0               0               0               0               0               0               
1992  3.1613          0.3816          0               0               0               0               0               0               0               0               0               
1993  2.7761          0.7366          0               0               0               0               0               0               0               0               0               
1994  0.4294          0.5213          0               0               0               0               0               0               0               0               0               
1995  1.077           0.3312          0               0               0               0               0               0               0               0               0               
1996  0.6481          0.3591          0               0               0               0               0               0               0               0               0               
1997  2.8822          0.7301          0               0               0               0               0               0               0               0               0               
1998  0.7911          0.6522          0               0               0               0               0               0               0               0               0               
1999  2.7552          0.7509          0               0               0               0               0               0               0               0               0               
2000  5.2027          0.7435          0               0               0               0               0               0               0               0               0               
2001  3.7137          0.3967          0               0               0               0               0               0               0               0               0               
2002  5.3481          0.1708          0               0               0               0               0               0               0               0               0               
2003  14.729          0.6597          0               0               0               0               0               0               0               0               0               
2004  3.6182          0.4076          0               0               0               0               0               0               0               0               0               
2005  3.1286          0.5179          0               0               0               0               0               0               0               0               0               
2006  1.3976          0.5525          0               0               0               0               0               0               0               0               0               
2007  0.5547          0.3135          0               0               0               0               0               0               0               0               0               
2008  0.9327          0.3139          0               0               0               0               0               0               0               0               0               
2009  -999            1               0               0               0               0               0               0               0               0               0               
2010  -999            1               0               0               0               0               0               0               0               0               0               
2011  -999            1               0               0               0               0               0               0               0               0               0               
2012  -999            1               0               0               0               0               0               0               0               0               0               
2013  -999            1               0               0               0               0               0               0               0               0               0               
2014  -999            1               0               0               0               0               0               0               0               0               0               
2015  -999            1               0               0               0               0               0               0               0               0               0               
2016  -999            1               0               0               0               0               0               0               0               0               0               
2017  -999            1               0               0               0               0               0               0               0               0               0               
2018  -999            1               0               0               0               0               0               0               0               0               0               
2019  -999            1               0               0               0               0               0               0               0               0               0               
2020  -999            1               0               0               0               0               0               0               0               0               0               
2021  -999            1               0               0               0               0               0               0               0               0               0               
2022  0               0               0               0               0               0               0               0               0               0               0               
2023  0               0               0               0               0               0               0               0               0               0               0               
2024  0               0               0               0               0               0               0               0               0               0               0               
# Index-2 Data 
1989  -999            0               0               0               0               0               0               0               0               0               0               
1990  -999            0               0               0               0               0               0               0               0               0               0               
1991  -999            0               0               0               0               0               0               0               0               0               0               
1992  -999            0               0               0               0               0               0               0               0               0               0               
1993  -999            0               0               0               0               0               0               0               0               0               0               
1994  -999            0               0               0               0               0               0               0               0               0               0               
1995  -999            0               0               0               0               0               0               0               0               0               0               
1996  -999            0               0               0               0               0               0               0               0               0               0               
1997  -999            0               0               0               0               0               0               0               0               0               0               
1998  -999            0               0               0               0               0               0               0               0               0               0               
1999  -999            0               0               0               0               0               0               0               0               0               0               
2000  -999            0               0               0               0               0               0               0               0               0               0               
2001  -999            0               0               0               0               0               0               0               0               0               0               
2002  -999            0               0               0               0               0               0               0               0               0               0               
2003  -999            0               0               0               0               0               0               0               0               0               0               
2004  -999            0               0               0               0               0               0               0               0               0               0               
2005  -999            0               0               0               0               0               0               0               0               0               0               
2006  -999            0               0               0               0               0               0               0               0               0               0               
2007  -999            0               0               0               0               0               0               0               0               0               0               
2008  0.247           0.635           0               0               0               0               0               0               0               0               0               
2009  0.116           0.662           0               0               0               0               0               0               0               0               0               
2010  0.169           0.639           0               0               0               0               0               0               0               0               0               
2011  0.048           0.632           0               0               0               0               0               0               0               0               0               
2012  0.205           0.612           0               0               0               0               0               0               0               0               0               
2013  0.1             0.57            0               0               0               0               0               0               0               0               0               
2014  0.017           0.638           0               0               0               0               0               0               0               0               0               
2015  0.104           0.63            0               0               0               0               0               0               0               0               0               
2016  0.084           1.952           0               0               0               0               0               0               0               0               0               
2017  0               0.739           0               0               0               0               0               0               0               0               0               
2018  0.015           0.437           0               0               0               0               0               0               0               0               0               
2019  0.055           0.4             0               0               0               0               0               0               0               0               0               
2020  -999            0               0               0               0               0               0               0               0               0               0               
2021  0.088           0.705           0               0               0               0               0               0               0               0               0               
2022  0               0               0               0               0               0               0               0               0               0               0               
2023  0               0               0               0               0               0               0               0               0               0               0               
2024  0               0               0               0               0               0               0               0               0               0               0               
# Index-3 Data 
1989  2.351           0.319           0.02            1.733           0.143           0.03            0               0.001           0               0.036           20              
1990  1.145           0.352           0               0.399           0.207           0.016           0.017           0               0               0               20              
1991  1.941           0.297           0.244           1.614           0.11            0.048           0.013           0               0               0               20              
1992  4.209           0.301           0.041           2.758           0.677           0.119           0.034           0               0               0               20              
1993  3.356           0.313           0.428           2.75            1.83            0.108           0               0               0               0               20              
1994  1.103           0.342           0.001           0.178           0.209           0.044           0.005           0               0               0               20              
1995  1.671           0.318           0.478           0.596           0.214           0.046           0               0               0               0               20              
1996  2.622           0.314           0.02            1.438           0.766           0.232           0.055           0.038           0.01            0.014           20              
1997  0.937           0.348           0.128           0.977           0.16            0.05            0               0               0               0               20              
1998  1.008           0.345           0.004           0.78            0.43            0.406           0.04            0.052           0               0               20              
1999  1.225           0.333           0.089           0.501           0.31            0.118           0.006           0               0               0               20              
2000  3.931           0.309           0.479           1.708           0.443           0.135           0.016           0.013           0               0.001           20              
2001  5.61            0.306           0.229           7.711           1.736           0.288           0.004           0.023           0.004           0               20              
2002  6.84            0.304           2.749           3.328           2.779           0.651           0.054           0.015           0.002           0.002           20              
2003  9.238           0.298           0.326           6.668           1.391           1.323           0.558           0.046           0.02            0               20              
2004  2.446           0.312           0.014           1.319           1.504           0.327           0.299           0.02            0               0               20              
2005  1.632           0.324           0.45            1.096           0.358           0.386           0.078           0               0               0               20              
2006  0.969           0.336           0.013           1.366           0.524           0.739           0.263           0.077           0               0               20              
2007  1.384           0.326           0.501           0.73            0.081           0.034           0.003           0.001           0.064           0               20              
2008  1.445           0.325           0.171           1.092           0.469           0.083           0.025           0.006           0.005           0               20              
2009  11.334          0.301           2.126           12.457          4.477           1.1             0.061           0.048           0.009           0.022           20              
2010  1.919           0.32            0.779           0.418           0.529           0.104           0.002           0               0               0               20              
2011  3.513           0.31            0.452           3.135           1.698           0.84            0.104           0.009           0               0               20              
2012  1.326           0.332           0.762           0.083           0.2             0.127           0.028           0               0               0               20              
2013  3.368           0.314           0.394           4.065           0.445           0.319           0.109           0.072           0.009           0.002           20              
2014  5.566           0.309           0.024           5.874           4.818           0.542           0.187           0.075           0.007           0               20              
2015  5.62            0.349           0.706           1.65            1.048           0.448           0.079           0.02            0.01            0.004           20              
2016  1.558           0.36            0.465           1.015           0.178           0.058           0.025           0.002           0               0               20              
2017  12.224          0.323           1.163           17.327          2.961           0.6             0.09            0.217           0.007           0               20              
2018  7.221           0.374           0.105           14.974          11.565          2.411           0.101           0.044           0.036           0.003           20              
2019  4.745           0.991           0.363           0.543           1.975           0.79            0.196           0.027           0.011           0.013           20              
2020  -999            1               0               0               0               0               0               0               0               0               0               
2021  -999            1               0               0               0               0               0               0               0               0               0               
2022  0               0               0               0               0               0               0               0               0               0               0               
2023  0               0               0               0               0               0               0               0               0               0               0               
2024  0               0               0               0               0               0               0               0               0               0               0               
# Index-4 Data 
1989  0               1               0               0               0               0               0               0               0               0               0               
1990  -999            1               0               0               0               0               0               0               0               0               0               
1991  0.302           0.73            0               0               0               0               0               0               0               0               0               
1992  0.446           0.421           0               0               0               0               0               0               0               0               0               
1993  0               1               0               0               0               0               0               0               0               0               0               
1994  0.072           1               0               0               0               0               0               0               0               0               0               
1995  0.431           0.382           0               0               0               0               0               0               0               0               0               
1996  0               1               0               0               0               0               0               0               0               0               0               
1997  0.473           0.531           0               0               0               0               0               0               0               0               0               
1998  0.072           1               0               0               0               0               0               0               0               0               0               
1999  0.072           1               0               0               0               0               0               0               0               0               0               
2000  0.431           0.515           0               0               0               0               0               0               0               0               0               
2001  1.82            0.234           0               0               0               0               0               0               0               0               0               
2002  0.405           0.505           0               0               0               0               0               0               0               0               0               
2003  0               1               0               0               0               0               0               0               0               0               0               
2004  0.397           0.717           0               0               0               0               0               0               0               0               0               
2005  0.091           1               0               0               0               0               0               0               0               0               0               
2006  0.091           1               0               0               0               0               0               0               0               0               0               
2007  0.091           1               0               0               0               0               0               0               0               0               0               
2008  0.251           0.652           0               0               0               0               0               0               0               0               0               
2009  0.091           1               0               0               0               0               0               0               0               0               0               
2010  0.189           0.635           0               0               0               0               0               0               0               0               0               
2011  0.091           1               0               0               0               0               0               0               0               0               0               
2012  0.565           0.344           0               0               0               0               0               0               0               0               0               
2013  0               1               0               0               0               0               0               0               0               0               0               
2014  0.091           1               0               0               0               0               0               0               0               0               0               
2015  0.223           1               0               0               0               0               0               0               0               0               0               
2016  1.729           0.213           0               0               0               0               0               0               0               0               0               
2017  0.414           0.338           0               0               0               0               0               0               0               0               0               
2018  0               1               0               0               0               0               0               0               0               0               0               
2019  0.297           0.456           0               0               0               0               0               0               0               0               0               
2020  1.115           0.351           0               0               0               0               0               0               0               0               0               
2021  0.147           1               0               0               0               0               0               0               0               0               0               
2022  0               0               0               0               0               0               0               0               0               0               0               
2023  0               0               0               0               0               0               0               0               0               0               0               
2024  0               0               0               0               0               0               0               0               0               0               0               
# Index-5 Data 
1989  0.301           0.485           0               0               0               0               0               0               0               0               0               
1990  0.959           0.237           0               0               0               0               0               0               0               0               0               
1991  0.912           0.223           0               0               0               0               0               0               0               0               0               
1992  0.727           0.268           0               0               0               0               0               0               0               0               0               
1993  0.126           0.704           0               0               0               0               0               0               0               0               0               
1994  0.465           0.357           0               0               0               0               0               0               0               0               0               
1995  0.902           0.24            0               0               0               0               0               0               0               0               0               
1996  0               1               0               0               0               0               0               0               0               0               0               
1997  0.651           0.263           0               0               0               0               0               0               0               0               0               
1998  0.18            0.567           0               0               0               0               0               0               0               0               0               
1999  0.829           0.238           0               0               0               0               0               0               0               0               0               
2000  1.373           0.179           0               0               0               0               0               0               0               0               0               
2001  0.84            0.237           0               0               0               0               0               0               0               0               0               
2002  1.222           0.193           0               0               0               0               0               0               0               0               0               
2003  0.463           0.357           0               0               0               0               0               0               0               0               0               
2004  0.235           0.484           0               0               0               0               0               0               0               0               0               
2005  0.056           1               0               0               0               0               0               0               0               0               0               
2006  0.896           0.239           0               0               0               0               0               0               0               0               0               
2007  0.917           0.236           0               0               0               0               0               0               0               0               0               
2008  1.415           0.177           0               0               0               0               0               0               0               0               0               
2009  0.48            0.325           0               0               0               0               0               0               0               0               0               
2010  0.937           0.239           0               0               0               0               0               0               0               0               0               
2011  0.361           0.385           0               0               0               0               0               0               0               0               0               
2012  0.756           0.288           0               0               0               0               0               0               0               0               0               
2013  0.545           0.303           0               0               0               0               0               0               0               0               0               
2014  0.434           0.389           0               0               0               0               0               0               0               0               0               
2015  0.202           0.583           0               0               0               0               0               0               0               0               0               
2016  1.292           0.174           0               0               0               0               0               0               0               0               0               
2017  0.306           0.428           0               0               0               0               0               0               0               0               0               
2018  0.219           0.48            0               0               0               0               0               0               0               0               0               
2019  0.966           0.263           0               0               0               0               0               0               0               0               0               
2020  0.772           0.255           0               0               0               0               0               0               0               0               0               
2021  0.467           0.353           0               0               0               0               0               0               0               0               0               
2022  0               0               0               0               0               0               0               0               0               0               0               
2023  0               0               0               0               0               0               0               0               0               0               0               
2024  0               0               0               0               0               0               0               0               0               0               0               
# Index-6 Data 
1989  0.84            0.6             0               0               0               0               0               0               0               0               0               
1990  2.36            0.6             0               0               0               0               0               0               0               0               0               
1991  1.12            0.6             0               0               0               0               0               0               0               0               0               
1992  1.28            0.6             0               0               0               0               0               0               0               0               0               
1993  0.22            0.6             0               0               0               0               0               0               0               0               0               
1994  1.05            0.6             0               0               0               0               0               0               0               0               0               
1995  1.06            0.6             0               0               0               0               0               0               0               0               0               
1996  0.5             0.6             0               0               0               0               0               0               0               0               0               
1997  0.36            0.6             0               0               0               0               0               0               0               0               0               
1998  0.46            0.6             0               0               0               0               0               0               0               0               0               
1999  0.57            0.6             0               0               0               0               0               0               0               0               0               
2000  0.58            0.6             0               0               0               0               0               0               0               0               0               
2001  0.74            0.6             0               0               0               0               0               0               0               0               0               
2002  1.29            0.6             0               0               0               0               0               0               0               0               0               
2003  0.64            0.6             0               0               0               0               0               0               0               0               0               
2004  0.12            0.6             0               0               0               0               0               0               0               0               0               
2005  0.06            0.6             0               0               0               0               0               0               0               0               0               
2006  0.19            0.6             0               0               0               0               0               0               0               0               0               
2007  0.44            0.6             0               0               0               0               0               0               0               0               0               
2008  0.83            0.6             0               0               0               0               0               0               0               0               0               
2009  0.41            0.6             0               0               0               0               0               0               0               0               0               
2010  0.32            0.6             0               0               0               0               0               0               0               0               0               
2011  1.11            0.6             0               0               0               0               0               0               0               0               0               
2012  0.65            0.6             0               0               0               0               0               0               0               0               0               
2013  0.19            0.6             0               0               0               0               0               0               0               0               0               
2014  0.3             0.6             0               0               0               0               0               0               0               0               0               
2015  0.15            0.6             0               0               0               0               0               0               0               0               0               
2016  0.21            0.6             0               0               0               0               0               0               0               0               0               
2017  0.54            0.6             0               0               0               0               0               0               0               0               0               
2018  0.08            0.6             0               0               0               0               0               0               0               0               0               
2019  0.6             0.6             0               0               0               0               0               0               0               0               0               
2020  -999            0.6             0               0               0               0               0               0               0               0               0               
2021  0.6             0.6             0               0               0               0               0               0               0               0               0               
2022  0               0               0               0               0               0               0               0               0               0               0               
2023  0               0               0               0               0               0               0               0               0               0               0               
2024  0               0               0               0               0               0               0               0               0               0               0               
# Index-7 Data 
1989  -999            -999            -999            -999            -999            -999            -999            -999            -999            -999            0               
1990  -999            -999            -999            -999            -999            -999            -999            -999            -999            -999            0               
1991  -999            -999            -999            -999            -999            -999            -999            -999            -999            -999            0               
1992  11379           0.7             0.13            0.653           0.192           0.018           0.006           0               0               0               15              
1993  9256            0.7             0.041           0.473           0.345           0.099           0.037           0.005           0               0               15              
1994  1914            0.7             0.19            0.129           0.446           0.189           0.044           0.002           0               0               15              
1995  5216            0.7             0.169           0.632           0.154           0.043           0.002           0               0               0               15              
1996  9142            0.7             0.335           0.439           0.178           0.017           0.007           0.01            0.007           0.007           15              
1997  2592            0.7             0.147           0.442           0.272           0.098           0.03            0.008           0.002           0.002           15              
1998  8199            0.7             0.059           0.542           0.293           0.083           0.02            0.004           0               0               15              
1999  2527            0.7             0.412           0.229           0.231           0.093           0.036           0               0               0               15              
2000  10340           0.7             0.642           0.244           0.082           0.023           0.006           0.003           0               0.001           15              
2001  14092           0.7             0.1             0.601           0.236           0.042           0.007           0.008           0.006           0.001           15              
2002  20202           0.7             0.368           0.205           0.291           0.119           0.011           0.004           0.001           0               15              
2003  30342           0.7             0.163           0.533           0.11            0.118           0.068           0.002           0.006           0               15              
2004  9311            0.7             0.081           0.242           0.38            0.116           0.148           0.025           0.003           0.006           15              
2005  9511            0.7             0.359           0.339           0.168           0.103           0.02            0.005           0.005           0.001           15              
2006  4558            0.7             0.202           0.377           0.147           0.159           0.089           0.013           0               0.012           15              
2007  7436            0.7             0.745           0.102           0.062           0.028           0.032           0.026           0.002           0.004           15              
2008  -999            -999            0               0               0               0               0               0               0               0               0               
2009  -999            -999            0               0               0               0               0               0               0               0               0               
2010  -999            -999            0               0               0               0               0               0               0               0               0               
2011  -999            -999            0               0               0               0               0               0               0               0               0               
2012  -999            -999            0               0               0               0               0               0               0               0               0               
2013  -999            -999            0               0               0               0               0               0               0               0               0               
2014  -999            -999            0               0               0               0               0               0               0               0               0               
2015  -999            -999            0               0               0               0               0               0               0               0               0               
2016  -999            -999            0               0               0               0               0               0               0               0               0               
2017  -999            -999            0               0               0               0               0               0               0               0               0               
2018  -999            -999            0               0               0               0               0               0               0               0               0               
2019  -999            -999            0               0               0               0               0               0               0               0               0               
2020  -999            -999            0               0               0               0               0               0               0               0               0               
2021  -999            -999            0               0               0               0               0               0               0               0               0               
2022  0               0               0               0               0               0               0               0               0               0               0               
2023  0               0               0               0               0               0               0               0               0               0               0               
2024  0               0               0               0               0               0               0               0               0               0               0               
# Index-8 Data 
1989  3.402           0.03            3017226         5289572         1385505         264625          0               80148           0               20521           50              
1990  4.297           0.03            7060757         4800445         1474015         220489          171922          0               11250           0               50              
1991  4.12            0.03            2195335         9637375         1306438         725297          181408          44207           23348           0               50              
1992  4.429           0.03            2172233         7287694         1508260         416646          165024          0               0               15865           50              
1993  3.704           0.03            2509286         7053878         1887504         348688          0               41529           0               0               50              
1994  3.356           0.03            4572883         885230          3134352         602337          250855          61009           0               2863            50              
1995  5.551           0.03            11341455        4271783         1519157         471900          110919          23275           0               3983            50              
1996  4.212           0.03            6177355         3956045         1318736         543413          235534          445945          42576           210929          50              
1997  4.657           0.03            2058754         9502307         2541027         121617          0               0               0               0               50              
1998  4.223           0.03            2598214         4261437         640997          293057          31426           90625           0               9057            50              
1999  4.097           0.03            7892607         1468559         663868          255099          116259          30090           0               0               50              
2000  7.041           0.03            16913504        3341298         845424          388967          76393           28003           0               10841           50              
2001  5.865           0.03            878414          11506184        4895952         625992          176053          97458           18909           11160           50              
2002  6.599           0.03            2439638         8982305         6039863         1122857         76939           26467           9219            2565            50              
2003  5.77            0.03            0               8150026         3493957         2186614         1282401         76308           52493           0               50              
2004  5.292           0.03            1319740         4879020         3524438         453408          531307          72776           3379            18395           50              
2005  4.426           0.03            799684          5547379         2608088         565794          319641          166768          23941           780             50              
2006  4.215           0.03            2441075         4276791         1525320         707327          406172          68663           1190            3386            50              
2007  4.159           0.03            3392999         3697695         1224829         385078          192277          88618           120595          35540           50              
2008  4.16            0.03            6782532         7453452         2374845         593611          200640          99477           47132           22295           50              
2009  4.081           0.03            3156515         6083804         3960474         1193037         205131          116204          27008           46021           50              
2010  4.124           0.03            3377575         6364450         4478550         3488921         477306          216087          8113            27671           50              
2011  3.405           0.03            1664942         2124847         1737090         1635845         291498          54617           2661            10124           50              
2012  4.897           0.03            4457295         3236917         3760948         2633648         1306072         244282          64324           8108            50              
2013  3.023           0.03            4322260         2091248         2193029         2615708         678381          284093          27590           292             50              
2014  3.797           0.03            1763626         2209812         4188991         702642          167749          84174           15891           0               50              
2015  3.943           0.03            1874895         3053146         1586463         909507          150282          26914           6485            1553            50              
2016  4.397           0.03            4534727         2095876         1636423         1239268         773893          11498           21296           25308           50              
2017  4.536           0.03            3023740         4143558         4184990         1530356         311585          372897          14185           15540           50              
2018  4.37            0.03            1413690         3819613         3304736         1054968         287039          91881           152790          43249           50              
2019  5.419           0.03            2862314         1694576         3746424         1498867         474616          58224           23559           75164           50              
2020  5.138           0.02            2518798         3573824         2591537         2251976         728010          121962          41696           193790          50              
2021  5.31            0.02            2625627         4708819         7421364         2217691         1064591         1111678         152351          281929          50              
2022  5.272           0.02            1479127         2941884         4623227         4579872         2900366         1109956         500419          90064           50              
2023  5.808           0.02            3507793         3355115         4797474         5091395         1253412         479432          133822          307743          50              
2024  5.295           0.03            843836          2601338         4523533         2874288         1786290         681743          112047          197756          50              
# Index-9 Data 
1989  -999            1               0               0               0               0               0               0               0               0               0               
1990  -999            1               0               0               0               0               0               0               0               0               0               
1991  -999            1               0               0               0               0               0               0               0               0               0               
1992  -999            1               0               0               0               0               0               0               0               0               0               
1993  -999            1               0               0               0               0               0               0               0               0               0               
1994  -999            1               0               0               0               0               0               0               0               0               0               
1995  -999            1               0               0               0               0               0               0               0               0               0               
1996  -999            1               0               0               0               0               0               0               0               0               0               
1997  -999            1               0               0               0               0               0               0               0               0               0               
1998  -999            1               0               0               0               0               0               0               0               0               0               
1999  -999            1               0               0               0               0               0               0               0               0               0               
2000  -999            1               0               0               0               0               0               0               0               0               0               
2001  -999            1               0               0               0               0               0               0               0               0               0               
2002  -999            1               0               0               0               0               0               0               0               0               0               
2003  -999            1               0               0               0               0               0               0               0               0               0               
2004  -999            1               0               0               0               0               0               0               0               0               0               
2005  -999            1               0               0               0               0               0               0               0               0               0               
2006  -999            1               0               0               0               0               0               0               0               0               0               
2007  -999            1               0               0               0               0               0               0               0               0               0               
2008  -999            1               0               0               0               0               0               0               0               0               0               
2009  2.4945          0.4199          0               0               0               0               0               0               0               0               0               
2010  5.9758          0.1587          0               0               0               0               0               0               0               0               0               
2011  2.1548          0.5031          0               0               0               0               0               0               0               0               0               
2012  3.9015          0.2813          0               0               0               0               0               0               0               0               0               
2013  20.4228         0.3992          0               0               0               0               0               0               0               0               0               
2014  2.7812          0.4517          0               0               0               0               0               0               0               0               0               
2015  4.0737          0.6534          0               0               0               0               0               0               0               0               0               
2016  0.9202          0.4224          0               0               0               0               0               0               0               0               0               
2017  3.2574          0.52            0               0               0               0               0               0               0               0               0               
2018  15.7644         0.5974          0               0               0               0               0               0               0               0               0               
2019  3.5016          0.8215          0               0               0               0               0               0               0               0               0               
2020  -999            1               0               0               0               0               0               0               0               0               0               
2021  6.0159          0.2968          0               0               0               0               0               0               0               0               0               
2022  0               0               0               0               0               0               0               0               0               0               0               
2023  0               0               0               0               0               0               0               0               0               0               0               
2024  0               0               0               0               0               0               0               0               0               0               0               
# Index-10 Data 
1989  0.744002758     0.258936536     0.146373863     0.684427309     0.127963883     0.028417664     0.001058058     0.006808373     0.000199756     0.004751094     50              
1990  0.654701846     0.260049662     0.418571311     0.201650976     0.32640213      0.012088429     0.040310309     0.000453944     0.000296214     0.000226687     50              
1991  0.414650119     0.232266473     0.451990838     0.429570842     0.053113278     0.060576821     0.002776271     0.001070844     0.000391458     0.000509648     50              
1992  1.045365212     0.18432484      0.160699761     0.493045582     0.297725863     0.033810017     0.013645873     0.000546729     0.000209431     0.000316745     50              
1993  0.7663479       0.186887538     0.089307257     0.686830542     0.177174966     0.044877141     0.000506915     0.000993047     0.000112102     0.000198031     50              
1994  0.465187512     0.266576555     0.200473665     0.160310133     0.55301339      0.050638323     0.029283483     0.003561519     0.000284435     0.002435052     50              
1995  0.641988237     0.219472944     0.359212147     0.426522679     0.165445321     0.036214872     0.010597133     0.000968542     0.000435052     0.000604255     50              
1996  1.0570075       0.198573496     0.169343358     0.500425478     0.291687921     0.032673129     0.000741314     0.002599799     0.000218173     0.002310827     50              
1997  0.506578732     0.203242444     0.218901374     0.618418271     0.139382856     0.01919459      0.001708042     0.001213818     0.000522665     0.000658383     50              
1998  0.569328482     0.167907728     0.085458246     0.58881637      0.257737322     0.057534846     0.002149698     0.007212669     0.000174476     0.000916372     50              
1999  0.428139655     0.210306379     0.530656637     0.204599776     0.211668495     0.041721884     0.003913643     0.006041874     0.000661668     0.000736024     50              
2000  1.015624922     0.194655465     0.547513356     0.315719404     0.092058267     0.039892057     0.002579731     0.000935905     0.000271911     0.001029368     50              
2001  1.834927167     0.194306911     0.161997747     0.611873916     0.208250453     0.008966945     0.003366298     0.002178703     0.002685391     0.000680546     50              
2002  2.105410301     0.178370077     0.311960887     0.248613835     0.347745184     0.090085605     0.000554556     0.000401199     0.000443917     0.000194817     50              
2003  2.29170472      0.16897323      0.130358849     0.517916886     0.205219066     0.121920846     0.023390333     0.000122662     0.000987605     8.38E-05        50              
2004  0.822099863     0.172707899     0.056434854     0.296755428     0.435011665     0.061880742     0.128489972     0.021131203     0.00010785      0.000188286     50              
2005  0.877053925     0.177311176     0.171784901     0.376203861     0.164257807     0.237466198     0.020673467     0.023837587     0.004334004     0.001442176     50              
2006  0.423266301     0.204591661     0.246942752     0.389020441     0.127771888     0.121507999     0.094841496     0.010553541     0.00757579      0.001786093     50              
2007  0.374779083     0.187627504     0.469566634     0.28935556      0.12653363      0.058464686     0.020460501     0.021337691     0.013201178     0.001080119     50              
2008  0.425945542     0.308758138     0.563075142     0.315638545     0.097633478     0.018820784     0.002299733     0.000827193     0.001040798     0.000664328     50              
2009  0.636301134     0.220058305     0.166275172     0.691007815     0.121696719     0.019606281     0.000733926     0.000256505     9.95E-05        0.000324054     50              
2010  1.017325488     0.218759602     0.263343047     0.250535848     0.390520124     0.07171823      0.022604377     0.00102016      7.62E-05        0.000181972     50              
2011  0.567984087     0.254704601     0.179079201     0.513127295     0.230729886     0.066658213     0.005538055     0.004489017     0.000163422     0.000214912     50              
2012  0.535335031     0.226951994     0.435066063     0.289024801     0.211372755     0.034196242     0.022001275     0.005510982     0.001945256     0.000882628     50              
2013  2.013856462     0.195419601     0.129035826     0.686838334     0.129935459     0.039722015     0.011631982     0.002206901     7.99E-05        0.000549553     50              
2014  0.588479374     0.251486252     0.102804083     0.41776154      0.431627409     0.035878894     0.005826457     0.004211867     0.001446893     0.000442857     50              
2015  0.541805044     0.236664228     0.33199282      0.335185144     0.151089516     0.150168477     0.027078756     0.003358315     0.0002028       0.000924172     50              
2016  0.422186697     0.248026458     0.528528125     0.301184552     0.084629403     0.03321667      0.042381417     0.003227151     0.001956737     0.004875945     50              
2017  0.934549179     0.235042867     0.181707843     0.585722646     0.132635693     0.040763716     0.000543586     0.05653343      0.000110455     0.001982632     50              
2018  1.53973957      0.229887729     0.042161561     0.603392044     0.33833677      0.011940429     0.000496236     0.000273448     0.003271283     0.000128229     50              
2019  0.765750653     0.274826574     0.229456698     0.287278223     0.338935031     0.122843106     0.005763621     0.000896152     0.000311998     0.01451517      50              
2020  1.298493719     0.221880591     0.1392812       0.59675005      0.041962916     0.122063191     0.097691885     0.00058372      0.000202452     0.001464587     50              
2021  1.273564414     0.258954227     0.17556979      0.464282129     0.304033285     0.002925487     0.032663593     0.018627566     0.000216579     0.001681571     50              
2022  1.509011041     0.216074832     0.377394629     0.241300354     0.243731873     0.102832535     0.001078341     0.000865429     0.030110016     0.002686823     50              
2023  2.829309549     0.27457623      0.210364481     0.396930888     0.175565033     0.136136046     0.055749874     0.025006399     0.000120943     0.000126336     50              
2024  2.06219878      0.231360132     0.098638332     0.643216999     0.092225262     0.107333099     0.049663031     0.006028765     0.000782014     0.002112498     50              
# Index-11 Data 
1989  7.920187157     0.528112167     0.171042186     0.606719744     0.207452341     0.012146247     0.000955265     0.001448155     0.000101357     0.000134705     50              
1990  11.09924334     0.524633238     0.184739458     0.567839256     0.225117733     0.004015859     0.017869735     0.000112486     0.000245959     5.95E-05        50              
1991  9.885064813     0.522451084     0.118957815     0.7702046       0.077936851     0.027631092     0.00512111      7.96E-05        3.15E-05        3.75E-05        50              
1992  6.692078183     0.532139426     0.235150763     0.619633779     0.133375203     0.010935186     0.000627433     0.000128392     5.84E-05        9.09E-05        50              
1993  4.664337796     0.517294296     0.216445086     0.633612065     0.139886003     0.009271693     0.000480199     0.000195585     5.6E-05         5.33E-05        50              
1994  5.786868716     0.51552121      0.281352222     0.348152228     0.325832288     0.036364561     0.007895299     0.000204405     8.79E-05        0.000111096     50              
1995  12.09552387     0.520808523     0.21520058      0.715851183     0.058894671     0.008629398     0.001178402     0.000122446     5.59E-05        6.75E-05        50              
1996  5.903773167     0.516414182     0.11859623      0.584099965     0.289113639     0.00613659      0.001808412     0.000128082     4.95E-05        6.76E-05        50              
1997  13.30695688     0.523576973     0.613037467     0.331226242     0.050049463     0.005246113     0.000301334     6.53E-05        3.46E-05        3.95E-05        50              
1998  4.468870807     0.523573181     0.584172601     0.340798673     0.068438529     0.004540446     0.000482734     0.000938557     6.01E-05        0.000568375     50              
1999  9.406554528     0.52418584      0.361528544     0.554132442     0.068470349     0.014168792     0.001360084     0.000232517     4.47E-05        6.26E-05        50              
2000  11.79411339     0.528765726     0.148009324     0.574664077     0.215480866     0.060443347     0.001252093     9.42E-05        2.59E-05        3.02E-05        50              
2001  5.652784686     0.533084514     0.110897711     0.665255263     0.215616469     0.005888092     0.001068921     0.001091288     4.14E-05        0.000140893     50              
2002  21.55869196     0.526385255     0.285796484     0.552977896     0.139175343     0.021804157     0.000137232     7.4E-05         1.44E-05        2.04E-05        50              
2003  11.2580166      0.528651413     0.174789058     0.613541107     0.123572482     0.079688326     0.008208862     8.36E-05        6.21E-05        5.44E-05        50              
2004  4.622668097     0.518459411     0.209457731     0.461052222     0.293123716     0.022879082     0.010595308     0.002759139     5.6E-05         7.68E-05        50              
2005  1.995629682     0.521848169     0.225353167     0.477974099     0.149272125     0.131619676     0.012131783     0.003289728     0.000104522     0.000254901     50              
2006  4.220311313     0.512086011     0.446470487     0.448563849     0.034196727     0.037352035     0.033050308     0.000128855     0.00016833      6.94E-05        50              
2007  7.362411271     0.528916913     0.341059561     0.616110188     0.030375438     0.010126321     0.001170202     0.000906482     0.000196884     5.49E-05        50              
2008  8.569945161     0.524558169     0.334128035     0.459785488     0.18448819      0.020270781     0.000437686     0.000125267     0.00069772      6.68E-05        50              
2009  11.37200804     0.517305918     0.176626847     0.699023772     0.106120664     0.017576893     0.000537229     5.38E-05        3.04E-05        3.04E-05        50              
2010  5.475346096     0.514596835     0.320162207     0.470509888     0.189662347     0.01688098      0.002197147     0.000134886     5.96E-05        0.000392951     50              
2011  6.357313289     0.513643525     0.183473103     0.632620203     0.121531771     0.056238643     0.00518976      0.000805659     3.99E-05        0.000100942     50              
2012  22.40103805     0.516744512     0.456727037     0.504607225     0.035963045     0.001780804     0.000688639     0.000130812     8.59E-05        1.65E-05        50              
2013  4.720424217     0.514964454     0.181851499     0.713448719     0.09122711      0.009845752     0.002964039     0.000461822     4.03E-05        0.000160763     50              
2014  5.408389662     0.511807496     0.306121477     0.600371166     0.084101421     0.007190303     0.001457927     0.00056904      0.000154332     3.43E-05        50              
2015  12.19519708     0.51841907      0.261144693     0.64506654      0.066433864     0.025568615     0.001541961     0.000107668     3.7E-05         9.97E-05        50              
2016  14.15267705     0.521652685     0.642747623     0.326668043     0.019785398     0.003915636     0.006678442     8.35E-05        3.21E-05        8.93E-05        50              
2017  11.62952486     0.514521581     0.180831776     0.787134762     0.028497146     0.001551071     0.000194028     0.001735188     2.51E-05        3.09E-05        50              
2018  10.63819841     0.520426498     0.173905512     0.637664155     0.174376096     0.010404709     0.000275345     6.4E-05         0.003273745     3.65E-05        50              
2019  12.98379167     0.519766626     0.58255519      0.287463674     0.080469088     0.047694466     0.000902786     4.13E-05        1.94E-05        0.000854101     50              
2020  9.961370559     0.51723953      0.400061746     0.549456415     0.015870315     0.025818383     0.007776887     0.000188172     0.000141103     0.000686979     50              
2021  33.44536677     0.521248529     0.31600151      0.62774407      0.054112131     0.000371539     0.001068791     0.000612667     1.31E-05        7.62E-05        50              
2022  0               0               0               0               0               0               0               0               0               0               0               
2023  0               0               0               0               0               0               0               0               0               0               0               
2024  0               0               0               0               0               0               0               0               0               0               0               
# Index-12 Data 
1989  -999            1               0               0               0               0               0               0               0               0               0               
1990  -999            1               0               0               0               0               0               0               0               0               0               
1991  -999            1               0               0               0               0               0               0               0               0               0               
1992  -999            1               0               0               0               0               0               0               0               0               0               
1993  -999            1               0               0               0               0               0               0               0               0               0               
1994  -999            1               0               0               0               0               0               0               0               0               0               
1995  -999            1               0               0               0               0               0               0               0               0               0               
1996  -999            1               0               0               0               0               0               0               0               0               0               
1997  -999            1               0               0               0               0               0               0               0               0               0               
1998  -999            1               0               0               0               0               0               0               0               0               0               
1999  -999            1               0               0               0               0               0               0               0               0               0               
2000  -999            1               0               0               0               0               0               0               0               0               0               
2001  -999            1               0               0               0               0               0               0               0               0               0               
2002  -999            1               0               0               0               0               0               0               0               0               0               
2003  -999            1               0               0               0               0               0               0               0               0               0               
2004  -999            1               0               0               0               0               0               0               0               0               0               
2005  -999            1               0               0               0               0               0               0               0               0               0               
2006  -999            1               0               0               0               0               0               0               0               0               0               
2007  -999            1               0               0               0               0               0               0               0               0               0               
2008  0.247           0.665           0               0               0               0               0               0               0               0               0               
2009  0.116           0.692           0               0               0               0               0               0               0               0               0               
2010  0.169           0.699           0               0               0               0               0               0               0               0               0               
2011  0.048           0.606           0               0               0               0               0               0               0               0               0               
2012  0.205           0.653           0               0               0               0               0               0               0               0               0               
2013  0.1             0.614           0               0               0               0               0               0               0               0               0               
2014  0.017           0.657           0               0               0               0               0               0               0               0               0               
2015  0.104           0.752           0               0               0               0               0               0               0               0               0               
2016  0.084           0.702           0               0               0               0               0               0               0               0               0               
2017  0               0.695           0               0               0               0               0               0               0               0               0               
2018  0.015           0.791           0               0               0               0               0               0               0               0               0               
2019  0.055           0.583           0               0               0               0               0               0               0               0               0               
2020  -999            1               0               0               0               0               0               0               0               0               0               
2021  0.088           0.578           0               0               0               0               0               0               0               0               0               
2022  0               0               0               0               0               0               0               0               0               0               0               
2023  0               0               0               0               0               0               0               0               0               0               0               
2024  0               0               0               0               0               0               0               0               0               0               0               
# Phase Control
# Phase for F mult in 1st Year
1
# Phase for F mult Deviations
3
# Phase for Recruitment Deviations
4
# Phase for N in 1st Year
2
# Phase for Catchability in 1st Year
1
# Phase for Catchability Deviations
-7
# Phase for Stock Recruitment Relationship
1
# Phase for Steepness
-1
# Recruitment CV by Year
1
1
1
1
1
1
1
1
1
1
1
1
1
1
1
1
1
1
1
1
1
1
1
1
1
1
1
1
1
1
1
1
1
1
1
1
# Lambdas by Index
1  1  1  1  1  1  1  1  1  1  1  1  
# Lambda for Total Catch in Weight by Fleet
1  1  
# Lambda for Total Discards at Age by Fleet
0  0  
# Catch Total CV by Year and Fleet
0.05         0.1          
0.05         0.1          
0.05         0.1          
0.05         0.1          
0.05         0.1          
0.05         0.1          
0.05         0.1          
0.05         0.1          
0.05         0.1          
0.05         0.1          
0.05         0.1          
0.05         0.1          
0.05         0.1          
0.05         0.1          
0.05         0.1          
0.05         0.1          
0.05         0.1          
0.05         0.1          
0.05         0.1          
0.05         0.1          
0.05         0.1          
0.05         0.1          
0.05         0.1          
0.05         0.1          
0.05         0.1          
0.05         0.1          
0.05         0.15         
0.05         0.25         
0.05         0.25         
0.05         0.1          
0.05         0.1          
0.05         0.1          
0.05         0.1          
0.05         0.1          
0.05         0.1          
0.05         0.1          
# Discard Total CV by Year and Fleet
0            0            
0            0            
0            0            
0            0            
0            0            
0            0            
0            0            
0            0            
0            0            
0            0            
0            0            
0            0            
0            0            
0            0            
0            0            
0            0            
0            0            
0            0            
0            0            
0            0            
0            0            
0            0            
0            0            
0            0            
0            0            
0            0            
0            0            
0            0            
0            0            
0            0            
0            0            
0            0            
0            0            
0            0            
0            0            
0            0            
# Catch Effective Sample Size by Year and Fleet
30           39           
30           39           
30           39           
30           39           
30           39           
30           39           
30           39           
30           39           
30           39           
30           39           
30           39           
30           39           
30           39           
30           39           
30           39           
30           39           
30           39           
30           39           
30           39           
30           39           
30           39           
30           39           
30           39           
30           39           
30           39           
30           39           
30           39           
30           39           
30           39           
30           39           
30           39           
30           39           
30           39           
30           39           
30           39           
30           39           
# Discard Effective Sample Size by Year and Fleet
0            0            
0            0            
0            0            
0            0            
0            0            
0            0            
0            0            
0            0            
0            0            
0            0            
0            0            
0            0            
0            0            
0            0            
0            0            
0            0            
0            0            
0            0            
0            0            
0            0            
0            0            
0            0            
0            0            
0            0            
0            0            
0            0            
0            0            
0            0            
0            0            
0            0            
0            0            
0            0            
0            0            
0            0            
0            0            
0            0            
# Lambda for F Mult in First year by Fleet
0  0  
# CV for F Mult in First year by Fleet
0.9  0.9  
# Lambda for F Mult Deviations by Fleet
0  0  
# CV for F Mult Deviations by Fleet
0.9  0.9  
# Lambda for N in 1st Year Deviations
0
# CV for N in 1st Year Deviations
0.1
# Lambda for Recruitment Deviations
1
# Lambda for Catchability in First year by Index
0  0  0  0  0  0  0  0  0  0  0  0  
# CV for Catchability in First year by Index
0.9  0.9  0.9  0.9  0.9  0.9  0.9  0.9  0.9  0.9  0.9  0.9  
# Lambda for Catchability Deviations by Index
1  1  1  1  1  1  1  1  1  1  1  1  
# CV for Catchability Deviations by Index
0.9  0.9  0.9  0.9  0.9  0.9  0.9  0.9  0.9  0.9  0.9  0.9  
# Lambda for Deviation from Initial Steepness
0
# CV for Deviation from Initial Steepness
0.1
# Lambda for Deviation from Unexploited Stock Size
0
# CV for Deviation from Unexploited Stock Size
0.1
# NAA Deviations Flag
1
# Initial Numbers at Age in 1st Year
45000  16000  8300  5600  2500  400  370  100  
# Initial F Mult in 1st Year by Fleet
0.3  0.3  
# Initial Catchabilty by Index
0.000001  0.000001  0.000001  0.000001  0.000001  0.000001  0.000001  0.000001  0.000001  0.000001  0.000001  0.000001  
# Stock Recruitment Flag
0
# Initial Unexploited Stock
5.0e6
# Initial Steepness
1
# Maximum F
5.0
# Ignore Guesses (Yes=1)
0
# Projection Control
# Do Projections (Yes=1)
0
# Fleet Directed Flag
1  1  
# Final Year in Projection
2025
# Projection Data by Year
2025     -1         3     -99        1          
# Do MCMC (Yes=1)
1
# MCMC Year Option
1
# MCMC Iterations
1000
# MCMC Thinning Factor
200
# MCMC Random Seed
11151956
# Agepro R Option
2
# Agepro R Option Start Year
2000
# Agepro R Option End Year
2024
# Export R Flag
1
# Test Value
-23456
######
###### FINIS ######
# Fleet Names
#$Commercial
#$Recreational
# Survey Names
#$NEFSC spring Alb
#$NEAMAP Spring
#$NJ
#$DE
#$MD
#$VIMS
#$NEFSC winter
#$REC CPA
#$BIGELOW
#$VAST Spring
#$VAST Fall
#$NEAMAP Fall
#
